episode,step,traffic,capacity,action,next_capacity,infra_cost,sla_met,reward
0,0,27153,42728,5000,47728,2540.02,1,-216.09
0,1,24668,47728,5000,52728,2806.11,1,-216.09
0,2,22876,52728,-5000,47728,2540.02,1,316.09
0,3,23034,47728,5000,52728,2806.11,1,-216.09
0,4,24448,52728,5000,57728,3072.21,1,-216.09
0,5,25752,57728,5000,62728,3338.3,1,-216.09
0,6,25831,62728,-5000,57728,3072.21,1,316.09
0,7,27869,57728,0,57728,3072.21,1,50.0
0,8,27871,57728,0,57728,3072.21,1,50.0
0,9,25966,57728,5000,62728,3338.3,1,-216.09
0,10,27655,62728,0,62728,3338.3,1,50.0
0,11,27069,62728,5000,67728,3604.39,1,-216.09
0,12,27341,67728,0,67728,3604.39,1,50.0
0,13,27043,67728,-5000,62728,3338.3,1,316.09
0,14,24595,62728,0,62728,3338.3,1,50.0
0,15,26922,62728,-5000,57728,3072.21,1,316.09
0,16,29071,57728,5000,62728,3338.3,1,-216.09
0,17,27731,62728,0,62728,3338.3,1,50.0
0,18,25722,62728,5000,67728,3604.39,1,-216.09
0,19,26925,67728,0,67728,3604.39,1,50.0
0,20,24332,67728,5000,70000,3725.31,1,-70.91
0,21,24006,70000,5000,70000,3725.31,1,50.0
0,22,25073,70000,5000,70000,3725.31,1,50.0
0,23,26632,70000,-5000,65000,3459.21,1,316.09
0,24,25815,65000,0,65000,3459.21,1,50.0
0,25,25801,65000,-5000,60000,3193.12,1,316.09
0,26,26080,60000,-5000,55000,2927.03,1,316.09
0,27,27540,55000,5000,60000,3193.12,1,-216.09
0,28,30075,60000,5000,65000,3459.21,1,-216.09
0,29,29274,65000,5000,70000,3725.31,1,-216.09
1,0,22276,55276,0,55276,2198.59,1,50.0
1,1,24050,55276,-5000,50276,1999.72,1,248.87
1,2,23827,50276,-5000,45276,1800.84,1,248.87
1,3,24945,45276,0,45276,1800.84,1,50.0
1,4,23926,45276,-5000,40276,1601.97,1,248.87
1,5,24312,40276,5000,45276,1800.84,1,-148.87
1,6,26953,45276,0,45276,1800.84,1,50.0
1,7,24917,45276,5000,50276,1999.72,1,-148.87
1,8,25695,50276,5000,55276,2198.59,1,-148.87
1,9,23278,55276,-5000,50276,1999.72,1,248.87
1,10,24885,50276,5000,55276,2198.59,1,-148.87
1,11,24496,55276,5000,60276,2397.46,1,-148.87
1,12,26546,60276,0,60276,2397.46,1,50.0
1,13,28934,60276,-5000,55276,2198.59,1,248.87
1,14,27371,55276,5000,60276,2397.46,1,-148.87
1,15,28191,60276,-5000,55276,2198.59,1,248.87
1,16,30187,55276,-5000,50276,1999.72,1,248.87
1,17,32016,50276,-5000,45276,1800.84,1,248.87
1,18,33797,45276,5000,50276,1999.72,1,-148.87
1,19,35479,50276,0,50276,1999.72,1,50.0
1,20,35308,50276,5000,55276,2198.59,1,-148.87
1,21,33970,55276,5000,60276,2397.46,1,-148.87
1,22,34303,60276,0,60276,2397.46,1,50.0
1,23,34336,60276,0,60276,2397.46,1,50.0
1,24,31559,60276,-5000,55276,2198.59,1,248.87
1,25,30031,55276,-5000,50276,1999.72,1,248.87
1,26,29668,50276,5000,55276,2198.59,1,-148.87
1,27,30594,55276,0,55276,2198.59,1,50.0
1,28,32724,55276,0,55276,2198.59,1,50.0
1,29,30199,55276,5000,60276,2397.46,1,-148.87
2,0,29686,38268,0,38268,1876.72,1,50.0
2,1,31455,38268,-5000,33268,1631.51,1,295.21
2,2,32072,33268,-5000,28268,1386.31,0,145.21
2,3,31156,28268,0,28268,1386.31,0,-100.0
2,4,34052,28268,-5000,23268,1141.1,0,145.21
2,5,32711,23268,0,23268,1141.1,0,-100.0
2,6,35666,23268,5000,28268,1386.31,0,-345.21
2,7,32874,28268,-5000,23268,1141.1,0,145.21
2,8,34804,23268,-5000,18268,895.89,0,145.21
2,9,36938,18268,-5000,13268,650.68,0,145.21
2,10,39443,13268,-5000,8268,405.48,0,145.21
2,11,39048,8268,0,8268,405.48,0,-100.0
2,12,36805,8268,0,8268,405.48,0,-100.0
2,13,36835,8268,5000,13268,650.68,0,-345.21
2,14,39811,13268,0,13268,650.68,0,-100.0
2,15,39266,13268,0,13268,650.68,0,-100.0
2,16,38773,13268,5000,18268,895.89,0,-345.21
2,17,37700,18268,-5000,13268,650.68,0,145.21
2,18,36705,13268,-5000,8268,405.48,0,145.21
2,19,34341,8268,-5000,5000,245.21,0,60.27
2,20,35970,5000,5000,10000,490.42,0,-345.21
2,21,37150,10000,0,10000,490.42,0,-100.0
2,22,38452,10000,-5000,5000,245.21,0,145.21
2,23,40855,5000,0,5000,245.21,0,-100.0
2,24,43483,5000,-5000,5000,245.21,0,-100.0
2,25,43466,5000,5000,10000,490.42,0,-345.21
2,26,43439,10000,0,10000,490.42,0,-100.0
2,27,41436,10000,0,10000,490.42,0,-100.0
2,28,39868,10000,-5000,5000,245.21,0,145.21
2,29,40970,5000,0,5000,245.21,0,-100.0
3,0,12560,57984,-5000,52984,2164.63,1,254.27
3,1,11593,52984,5000,57984,2368.9,1,-154.27
3,2,10790,57984,5000,62984,2573.17,1,-154.27
3,3,10760,62984,5000,67984,2777.44,1,-154.27
3,4,10504,67984,-5000,62984,2573.17,1,254.27
3,5,12089,62984,5000,67984,2777.44,1,-154.27
3,6,10670,67984,5000,70000,2859.81,1,-32.36
3,7,9236,70000,5000,70000,2859.81,1,50.0
3,8,10970,70000,0,70000,2859.81,1,50.0
3,9,12391,70000,-5000,65000,2655.53,1,254.27
3,10,9866,65000,-5000,60000,2451.26,1,254.27
3,11,9548,60000,5000,65000,2655.53,1,-154.27
3,12,8000,65000,0,65000,2655.53,1,50.0
3,13,9224,65000,-5000,60000,2451.26,1,254.27
3,14,10553,60000,-5000,55000,2246.99,1,254.27
3,15,12404,55000,0,55000,2246.99,1,50.0
3,16,12685,55000,-5000,50000,2042.72,1,254.27
3,17,12464,50000,5000,55000,2246.99,1,-154.27
3,18,9581,55000,5000,60000,2451.26,1,-154.27
3,19,9537,60000,5000,65000,2655.53,1,-154.27
3,20,10516,65000,0,65000,2655.53,1,50.0
3,21,9368,65000,0,65000,2655.53,1,50.0
3,22,8000,65000,0,65000,2655.53,1,50.0
3,23,8000,65000,0,65000,2655.53,1,50.0
3,24,8772,65000,-5000,60000,2451.26,1,254.27
3,25,10316,60000,0,60000,2451.26,1,50.0
3,26,12037,60000,-5000,55000,2246.99,1,254.27
3,27,10113,55000,0,55000,2246.99,1,50.0
3,28,8242,55000,-5000,50000,2042.72,1,254.27
3,29,9205,50000,-5000,45000,1838.45,1,254.27
4,0,35265,18759,-5000,13759,455.45,0,65.51
4,1,34064,13759,5000,18759,620.96,0,-265.51
4,2,37002,18759,0,18759,620.96,0,-100.0
4,3,36684,18759,0,18759,620.96,0,-100.0
4,4,37358,18759,0,18759,620.96,0,-100.0
4,5,36126,18759,-5000,13759,455.45,0,65.51
4,6,34034,13759,5000,18759,620.96,0,-265.51
4,7,33542,18759,0,18759,620.96,0,-100.0
4,8,33344,18759,5000,23759,786.47,0,-265.51
4,9,30733,23759,-5000,18759,620.96,0,65.51
4,10,29388,18759,0,18759,620.96,0,-100.0
4,11,30414,18759,0,18759,620.96,0,-100.0
4,12,30061,18759,5000,23759,786.47,0,-265.51
4,13,28027,23759,0,23759,786.47,0,-100.0
4,14,28280,23759,0,23759,786.47,0,-100.0
4,15,30125,23759,-5000,18759,620.96,0,65.51
4,16,32847,18759,-5000,13759,455.45,0,65.51
4,17,33117,13759,0,13759,455.45,0,-100.0
4,18,35215,13759,0,13759,455.45,0,-100.0
4,19,33922,13759,-5000,8759,289.94,0,65.51
4,20,33104,8759,5000,13759,455.45,0,-265.51
4,21,30163,13759,5000,18759,620.96,0,-265.51
4,22,30419,18759,-5000,13759,455.45,0,65.51
4,23,29232,13759,0,13759,455.45,0,-100.0
4,24,28126,13759,-5000,8759,289.94,0,65.51
4,25,29121,8759,5000,13759,455.45,0,-265.51
4,26,26834,13759,-5000,8759,289.94,0,65.51
4,27,25297,8759,0,8759,289.94,0,-100.0
4,28,26678,8759,5000,13759,455.45,0,-265.51
4,29,29310,13759,5000,18759,620.96,0,-265.51
5,0,49490,40732,-5000,35732,1187.45,0,66.16
5,1,47908,35732,-5000,30732,1021.29,0,66.16
5,2,45755,30732,0,30732,1021.29,0,-100.0
5,3,46035,30732,0,30732,1021.29,0,-100.0
5,4,44894,30732,5000,35732,1187.45,0,-266.16
5,5,44654,35732,5000,40732,1353.62,0,-266.16
5,6,47433,40732,-5000,35732,1187.45,0,66.16
5,7,45649,35732,5000,40732,1353.62,0,-266.16
5,8,46457,40732,-5000,35732,1187.45,0,66.16
5,9,47188,35732,0,35732,1187.45,0,-100.0
5,10,49621,35732,-5000,30732,1021.29,0,66.16
5,11,50000,30732,5000,35732,1187.45,0,-266.16
5,12,48084,35732,-5000,30732,1021.29,0,66.16
5,13,48282,30732,-5000,25732,855.13,0,66.16
5,14,47074,25732,0,25732,855.13,0,-100.0
5,15,49890,25732,5000,30732,1021.29,0,-266.16
5,16,47799,30732,5000,35732,1187.45,0,-266.16
5,17,45344,35732,5000,40732,1353.62,0,-266.16
5,18,47417,40732,5000,45732,1519.78,0,-266.16
5,19,45757,45732,5000,50732,1685.94,1,-116.16
5,20,43452,50732,0,50732,1685.94,1,50.0
5,21,43269,50732,-5000,45732,1519.78,1,216.16
5,22,40401,45732,5000,50732,1685.94,1,-116.16
5,23,39414,50732,0,50732,1685.94,1,50.0
5,24,38875,50732,0,50732,1685.94,1,50.0
5,25,41192,50732,-5000,45732,1519.78,1,216.16
5,26,42611,45732,5000,50732,1685.94,1,-116.16
5,27,41890,50732,-5000,45732,1519.78,1,216.16
5,28,38921,45732,5000,50732,1685.94,1,-116.16
5,29,41607,50732,-5000,45732,1519.78,1,216.16
6,0,45595,13382,-5000,8382,282.33,0,68.41
6,1,47075,8382,-5000,5000,168.41,0,13.92
6,2,46278,5000,0,5000,168.41,0,-100.0
6,3,47597,5000,5000,10000,336.83,0,-268.41
6,4,44865,10000,-5000,5000,168.41,0,68.41
6,5,43548,5000,-5000,5000,168.41,0,-100.0
6,6,46536,5000,5000,10000,336.83,0,-268.41
6,7,45458,10000,5000,15000,505.24,0,-268.41
6,8,45453,15000,0,15000,505.24,0,-100.0
6,9,45055,15000,-5000,10000,336.83,0,68.41
6,10,47661,10000,-5000,5000,168.41,0,68.41
6,11,45706,5000,-5000,5000,168.41,0,-100.0
6,12,44381,5000,-5000,5000,168.41,0,-100.0
6,13,41488,5000,5000,10000,336.83,0,-268.41
6,14,44303,10000,-5000,5000,168.41,0,68.41
6,15,43082,5000,0,5000,168.41,0,-100.0
6,16,45647,5000,5000,10000,336.83,0,-268.41
6,17,47244,10000,0,10000,336.83,0,-100.0
6,18,46746,10000,-5000,5000,168.41,0,68.41
6,19,48931,5000,5000,10000,336.83,0,-268.41
6,20,46081,10000,5000,15000,505.24,0,-268.41
6,21,43587,15000,5000,20000,673.65,0,-268.41
6,22,45542,20000,-5000,15000,505.24,0,68.41
6,23,45145,15000,-5000,10000,336.83,0,68.41
6,24,45548,10000,5000,15000,505.24,0,-268.41
6,25,43033,15000,0,15000,505.24,0,-100.0
6,26,45871,15000,-5000,10000,336.83,0,68.41
6,27,43664,10000,0,10000,336.83,0,-100.0
6,28,43714,10000,0,10000,336.83,0,-100.0
6,29,42596,10000,5000,15000,505.24,0,-268.41
7,0,46986,58014,-5000,53014,2045.99,1,242.97
7,1,47567,53014,0,53014,2045.99,1,50.0
7,2,45456,53014,0,53014,2045.99,1,50.0
7,3,47500,53014,-5000,48014,1853.02,1,242.97
7,4,48839,48014,-5000,43014,1660.06,0,92.97
7,5,50000,43014,0,43014,1660.06,0,-100.0
7,6,47039,43014,5000,48014,1853.02,1,-142.97
7,7,45034,48014,0,48014,1853.02,1,50.0
7,8,43122,48014,5000,53014,2045.99,1,-142.97
7,9,44551,53014,5000,58014,2238.96,1,-142.97
7,10,44143,58014,0,58014,2238.96,1,50.0
7,11,44948,58014,5000,63014,2431.92,1,-142.97
7,12,47029,63014,-5000,58014,2238.96,1,242.97
7,13,48010,58014,-5000,53014,2045.99,1,242.97
7,14,46737,53014,5000,58014,2238.96,1,-142.97
7,15,45240,58014,5000,63014,2431.92,1,-142.97
7,16,45018,63014,-5000,58014,2238.96,1,242.97
7,17,44023,58014,0,58014,2238.96,1,50.0
7,18,45613,58014,0,58014,2238.96,1,50.0
7,19,48212,58014,5000,63014,2431.92,1,-142.97
7,20,49732,63014,0,63014,2431.92,1,50.0
7,21,48471,63014,0,63014,2431.92,1,50.0
7,22,46184,63014,0,63014,2431.92,1,50.0
7,23,48742,63014,0,63014,2431.92,1,50.0
7,24,46424,63014,0,63014,2431.92,1,50.0
7,25,49199,63014,5000,68014,2624.89,1,-142.97
7,26,47843,68014,0,68014,2624.89,1,50.0
7,27,48029,68014,-5000,63014,2431.92,1,242.97
7,28,46641,63014,-5000,58014,2238.96,1,242.97
7,29,49608,58014,5000,63014,2431.92,1,-142.97
8,0,16500,57957,-5000,52957,2886.0,1,322.49
8,1,16352,52957,0,52957,2886.0,1,50.0
8,2,15499,52957,-5000,47957,2613.52,1,322.49
8,3,13652,47957,5000,52957,2886.0,1,-222.49
8,4,12564,52957,-5000,47957,2613.52,1,322.49
8,5,15104,47957,-5000,42957,2341.03,1,322.49
8,6,17595,42957,5000,47957,2613.52,1,-222.49
8,7,18186,47957,-5000,42957,2341.03,1,322.49
8,8,16121,42957,-5000,37957,2068.55,1,322.49
8,9,16585,37957,-5000,32957,1796.06,1,322.49
8,10,16318,32957,-5000,27957,1523.57,1,322.49
8,11,16559,27957,-5000,22957,1251.09,1,322.49
8,12,17813,22957,-5000,17957,978.6,1,322.49
8,13,15981,17957,-5000,12957,706.12,0,172.49
8,14,17966,12957,-5000,7957,433.63,0,172.49
8,15,17541,7957,0,7957,433.63,0,-100.0
8,16,17636,7957,5000,12957,706.12,0,-372.49
8,17,19454,12957,0,12957,706.12,0,-100.0
8,18,21423,12957,-5000,7957,433.63,0,172.49
8,19,24329,7957,0,7957,433.63,0,-100.0
8,20,25745,7957,5000,12957,706.12,0,-372.49
8,21,27500,12957,5000,17957,978.6,0,-372.49
8,22,27719,17957,-5000,12957,706.12,0,172.49
8,23,27677,12957,-5000,7957,433.63,0,172.49
8,24,30011,7957,-5000,5000,272.49,0,61.15
8,25,28379,5000,-5000,5000,272.49,0,-100.0
8,26,29234,5000,0,5000,272.49,0,-100.0
8,27,31927,5000,0,5000,272.49,0,-100.0
8,28,30620,5000,-5000,5000,272.49,0,-100.0
8,29,27662,5000,0,5000,272.49,0,-100.0
9,0,11625,54677,5000,59677,2727.99,1,-178.56
9,1,9265,59677,-5000,54677,2499.43,1,278.56
9,2,8689,54677,5000,59677,2727.99,1,-178.56
9,3,9825,59677,-5000,54677,2499.43,1,278.56
9,4,11847,54677,5000,59677,2727.99,1,-178.56
9,5,13651,59677,5000,64677,2956.55,1,-178.56
9,6,12090,64677,5000,69677,3185.12,1,-178.56
9,7,11014,69677,5000,70000,3199.88,1,35.23
9,8,11490,70000,5000,70000,3199.88,1,50.0
9,9,12256,70000,0,70000,3199.88,1,50.0
9,10,12953,70000,5000,70000,3199.88,1,50.0
9,11,14387,70000,-5000,65000,2971.32,1,278.56
9,12,16343,65000,0,65000,2971.32,1,50.0
9,13,15281,65000,0,65000,2971.32,1,50.0
9,14,18082,65000,5000,70000,3199.88,1,-178.56
9,15,20084,70000,0,70000,3199.88,1,50.0
9,16,21788,70000,0,70000,3199.88,1,50.0
9,17,22904,70000,0,70000,3199.88,1,50.0
9,18,21402,70000,-5000,65000,2971.32,1,278.56
9,19,18768,65000,-5000,60000,2742.76,1,278.56
9,20,18369,60000,0,60000,2742.76,1,50.0
9,21,16359,60000,0,60000,2742.76,1,50.0
9,22,16984,60000,-5000,55000,2514.19,1,278.56
9,23,16013,55000,0,55000,2514.19,1,50.0
9,24,16043,55000,0,55000,2514.19,1,50.0
9,25,17464,55000,-5000,50000,2285.63,1,278.56
9,26,17067,50000,0,50000,2285.63,1,50.0
9,27,15164,50000,5000,55000,2514.19,1,-178.56
9,28,13576,55000,-5000,50000,2285.63,1,278.56
9,29,15332,50000,5000,55000,2514.19,1,-178.56
10,0,30857,52709,-5000,47709,2742.81,1,337.45
10,1,30619,47709,0,47709,2742.81,1,50.0
10,2,33381,47709,5000,52709,3030.26,1,-237.45
10,3,33316,52709,0,52709,3030.26,1,50.0
10,4,31530,52709,5000,57709,3317.72,1,-237.45
10,5,31848,57709,0,57709,3317.72,1,50.0
10,6,33445,57709,0,57709,3317.72,1,50.0
10,7,30879,57709,-5000,52709,3030.26,1,337.45
10,8,28939,52709,5000,57709,3317.72,1,-237.45
10,9,26149,57709,-5000,52709,3030.26,1,337.45
10,10,26733,52709,5000,57709,3317.72,1,-237.45
10,11,26752,57709,5000,62709,3605.17,1,-237.45
10,12,29265,62709,-5000,57709,3317.72,1,337.45
10,13,31980,57709,0,57709,3317.72,1,50.0
10,14,32797,57709,-5000,52709,3030.26,1,337.45
10,15,33528,52709,5000,57709,3317.72,1,-237.45
10,16,34012,57709,-5000,52709,3030.26,1,337.45
10,17,34151,52709,5000,57709,3317.72,1,-237.45
10,18,35491,57709,-5000,52709,3030.26,1,337.45
10,19,38250,52709,5000,57709,3317.72,1,-237.45
10,20,36266,57709,5000,62709,3605.17,1,-237.45
10,21,35706,62709,0,62709,3605.17,1,50.0
10,22,35377,62709,5000,67709,3892.62,1,-237.45
10,23,38356,67709,5000,70000,4024.33,1,-81.71
10,24,40944,70000,5000,70000,4024.33,1,50.0
10,25,38484,70000,-5000,65000,3736.88,1,337.45
10,26,39815,65000,0,65000,3736.88,1,50.0
10,27,37115,65000,-5000,60000,3449.43,1,337.45
10,28,37238,60000,0,60000,3449.43,1,50.0
10,29,35244,60000,-5000,55000,3161.97,1,337.45
11,0,32752,10392,0,10392,487.89,0,-100.0
11,1,33827,10392,0,10392,487.89,0,-100.0
11,2,35193,10392,5000,15392,722.63,0,-334.74
11,3,37713,15392,5000,20392,957.37,0,-334.74
11,4,37819,20392,0,20392,957.37,0,-100.0
11,5,36233,20392,0,20392,957.37,0,-100.0
11,6,34067,20392,5000,25392,1192.12,0,-334.74
11,7,36137,25392,-5000,20392,957.37,0,134.74
11,8,37852,20392,-5000,15392,722.63,0,134.74
11,9,39179,15392,-5000,10392,487.89,0,134.74
11,10,39108,10392,0,10392,487.89,0,-100.0
11,11,40480,10392,0,10392,487.89,0,-100.0
11,12,43009,10392,5000,15392,722.63,0,-334.74
11,13,41258,15392,5000,20392,957.37,0,-334.74
11,14,42641,20392,0,20392,957.37,0,-100.0
11,15,44070,20392,5000,25392,1192.12,0,-334.74
11,16,45972,25392,5000,30392,1426.86,0,-334.74
11,17,46778,30392,-5000,25392,1192.12,0,134.74
11,18,48549,25392,0,25392,1192.12,0,-100.0
11,19,48742,25392,-5000,20392,957.37,0,134.74
11,20,47620,20392,-5000,15392,722.63,0,134.74
11,21,50000,15392,-5000,10392,487.89,0,134.74
11,22,47517,10392,5000,15392,722.63,0,-334.74
11,23,47847,15392,0,15392,722.63,0,-100.0
11,24,49271,15392,0,15392,722.63,0,-100.0
11,25,47038,15392,5000,20392,957.37,0,-334.74
11,26,45093,20392,0,20392,957.37,0,-100.0
11,27,47787,20392,5000,25392,1192.12,0,-334.74
11,28,46951,25392,5000,30392,1426.86,0,-334.74
11,29,47627,30392,0,30392,1426.86,0,-100.0
12,0,46494,42595,5000,47595,1965.23,1,-156.45
12,1,48572,47595,5000,52595,2171.69,1,-156.45
12,2,48114,52595,-5000,47595,1965.23,0,106.45
12,3,46739,47595,5000,52595,2171.69,1,-156.45
12,4,49006,52595,0,52595,2171.69,1,50.0
12,5,46742,52595,-5000,47595,1965.23,1,256.45
12,6,46611,47595,0,47595,1965.23,1,50.0
12,7,43805,47595,5000,52595,2171.69,1,-156.45
12,8,44072,52595,-5000,47595,1965.23,1,256.45
12,9,41646,47595,0,47595,1965.23,1,50.0
12,10,42981,47595,5000,52595,2171.69,1,-156.45
12,11,42568,52595,-5000,47595,1965.23,1,256.45
12,12,45377,47595,0,47595,1965.23,1,50.0
12,13,44269,47595,0,47595,1965.23,1,50.0
12,14,41341,47595,-5000,42595,1758.78,1,256.45
12,15,41434,42595,5000,47595,1965.23,1,-156.45
12,16,42863,47595,5000,52595,2171.69,1,-156.45
12,17,43132,52595,-5000,47595,1965.23,1,256.45
12,18,42477,47595,5000,52595,2171.69,1,-156.45
12,19,39742,52595,5000,57595,2378.14,1,-156.45
12,20,40848,57595,-5000,52595,2171.69,1,256.45
12,21,42515,52595,5000,57595,2378.14,1,-156.45
12,22,39774,57595,-5000,52595,2171.69,1,256.45
12,23,40768,52595,5000,57595,2378.14,1,-156.45
12,24,37911,57595,0,57595,2378.14,1,50.0
12,25,35730,57595,0,57595,2378.14,1,50.0
12,26,36469,57595,-5000,52595,2171.69,1,256.45
12,27,37553,52595,5000,57595,2378.14,1,-156.45
12,28,39733,57595,-5000,52595,2171.69,1,256.45
12,29,38208,52595,-5000,47595,1965.23,1,256.45
13,0,42920,52717,-5000,47717,1636.25,1,221.45
13,1,40007,47717,5000,52717,1807.7,1,-121.45
13,2,38740,52717,0,52717,1807.7,1,50.0
13,3,41196,52717,-5000,47717,1636.25,1,221.45
13,4,38228,47717,-5000,42717,1464.79,1,221.45
13,5,36165,42717,-5000,37717,1293.34,1,221.45
13,6,38084,37717,0,37717,1293.34,0,-100.0
13,7,40964,37717,5000,42717,1464.79,1,-121.45
13,8,43743,42717,-5000,37717,1293.34,0,71.45
13,9,42469,37717,5000,42717,1464.79,1,-121.45
13,10,40938,42717,-5000,37717,1293.34,0,71.45
13,11,41952,37717,5000,42717,1464.79,1,-121.45
13,12,44761,42717,5000,47717,1636.25,1,-121.45
13,13,42482,47717,5000,52717,1807.7,1,-121.45
13,14,44558,52717,5000,57717,1979.15,1,-121.45
13,15,46476,57717,5000,62717,2150.61,1,-121.45
13,16,46155,62717,-5000,57717,1979.15,1,221.45
13,17,45892,57717,-5000,52717,1807.7,1,221.45
13,18,43574,52717,-5000,47717,1636.25,1,221.45
13,19,44758,47717,0,47717,1636.25,1,50.0
13,20,44997,47717,5000,52717,1807.7,1,-121.45
13,21,45286,52717,0,52717,1807.7,1,50.0
13,22,42802,52717,5000,57717,1979.15,1,-121.45
13,23,42494,57717,-5000,52717,1807.7,1,221.45
13,24,44373,52717,5000,57717,1979.15,1,-121.45
13,25,41691,57717,-5000,52717,1807.7,1,221.45
13,26,38785,52717,-5000,47717,1636.25,1,221.45
13,27,36384,47717,5000,52717,1807.7,1,-121.45
13,28,36519,52717,5000,57717,1979.15,1,-121.45
13,29,38015,57717,0,57717,1979.15,1,50.0
14,0,31678,13510,-5000,8510,269.21,0,58.18
14,1,29992,8510,5000,13510,427.39,0,-258.18
14,2,29745,13510,5000,18510,585.56,0,-258.18
14,3,29214,18510,-5000,13510,427.39,0,58.18
14,4,28440,13510,-5000,8510,269.21,0,58.18
14,5,30061,8510,-5000,5000,158.18,0,11.04
14,6,29319,5000,5000,10000,316.35,0,-258.18
14,7,29870,10000,0,10000,316.35,0,-100.0
14,8,30128,10000,5000,15000,474.53,0,-258.18
14,9,28654,15000,0,15000,474.53,0,-100.0
14,10,30890,15000,0,15000,474.53,0,-100.0
14,11,30569,15000,-5000,10000,316.35,0,58.18
14,12,29058,10000,5000,15000,474.53,0,-258.18
14,13,29305,15000,-5000,10000,316.35,0,58.18
14,14,28815,10000,0,10000,316.35,0,-100.0
14,15,29040,10000,5000,15000,474.53,0,-258.18
14,16,27584,15000,0,15000,474.53,0,-100.0
14,17,27240,15000,5000,20000,632.7,0,-258.18
14,18,25187,20000,-5000,15000,474.53,0,58.18
14,19,24956,15000,0,15000,474.53,0,-100.0
14,20,26101,15000,0,15000,474.53,0,-100.0
14,21,28583,15000,0,15000,474.53,0,-100.0
14,22,26359,15000,-5000,10000,316.35,0,58.18
14,23,29199,10000,-5000,5000,158.18,0,58.18
14,24,31886,5000,-5000,5000,158.18,0,-100.0
14,25,29446,5000,-5000,5000,158.18,0,-100.0
14,26,30134,5000,0,5000,158.18,0,-100.0
14,27,31847,5000,0,5000,158.18,0,-100.0
14,28,31251,5000,0,5000,158.18,0,-100.0
14,29,34079,5000,0,5000,158.18,0,-100.0
15,0,21399,52005,0,52005,2197.91,1,50.0
15,1,22008,52005,-5000,47005,1986.6,1,261.32
15,2,24530,47005,-5000,42005,1775.28,1,261.32
15,3,23322,42005,0,42005,1775.28,1,50.0
15,4,23185,42005,0,42005,1775.28,1,50.0
15,5,21072,42005,-5000,37005,1563.96,1,261.32
15,6,18643,37005,0,37005,1563.96,1,50.0
15,7,17748,37005,0,37005,1563.96,1,50.0
15,8,18286,37005,5000,42005,1775.28,1,-161.32
15,9,18568,42005,0,42005,1775.28,1,50.0
15,10,19090,42005,0,42005,1775.28,1,50.0
15,11,19789,42005,-5000,37005,1563.96,1,261.32
15,12,18266,37005,5000,42005,1775.28,1,-161.32
15,13,17322,42005,0,42005,1775.28,1,50.0
15,14,15503,42005,0,42005,1775.28,1,50.0
15,15,15680,42005,0,42005,1775.28,1,50.0
15,16,15838,42005,0,42005,1775.28,1,50.0
15,17,18608,42005,0,42005,1775.28,1,50.0
15,18,20457,42005,5000,47005,1986.6,1,-161.32
15,19,20806,47005,5000,52005,2197.91,1,-161.32
15,20,18575,52005,5000,57005,2409.23,1,-161.32
15,21,20676,57005,0,57005,2409.23,1,50.0
15,22,22076,57005,0,57005,2409.23,1,50.0
15,23,20688,57005,5000,62005,2620.55,1,-161.32
15,24,19163,62005,-5000,57005,2409.23,1,261.32
15,25,19278,57005,5000,62005,2620.55,1,-161.32
15,26,18581,62005,0,62005,2620.55,1,50.0
15,27,15830,62005,-5000,57005,2409.23,1,261.32
15,28,13165,57005,-5000,52005,2197.91,1,261.32
15,29,15376,52005,5000,57005,2409.23,1,-161.32
16,0,21615,13882,0,13882,439.6,0,-100.0
16,1,21540,13882,-5000,8882,281.27,0,58.34
16,2,22924,8882,-5000,5000,158.34,0,22.93
16,3,20323,5000,5000,10000,316.67,0,-258.34
16,4,22739,10000,-5000,5000,158.34,0,58.34
16,5,22359,5000,5000,10000,316.67,0,-258.34
16,6,23595,10000,5000,15000,475.01,0,-258.34
16,7,23086,15000,0,15000,475.01,0,-100.0
16,8,24341,15000,-5000,10000,316.67,0,58.34
16,9,22777,10000,0,10000,316.67,0,-100.0
16,10,23787,10000,-5000,5000,158.34,0,58.34
16,11,23836,5000,0,5000,158.34,0,-100.0
16,12,23846,5000,5000,10000,316.67,0,-258.34
16,13,21305,10000,5000,15000,475.01,0,-258.34
16,14,21002,15000,5000,20000,633.34,0,-258.34
16,15,20548,20000,-5000,15000,475.01,0,58.34
16,16,22171,15000,5000,20000,633.34,0,-258.34
16,17,20035,20000,5000,25000,791.68,1,-108.34
16,18,21553,25000,0,25000,791.68,1,50.0
16,19,24106,25000,0,25000,791.68,1,50.0
16,20,23107,25000,-5000,20000,633.34,0,58.34
16,21,24156,20000,-5000,15000,475.01,0,58.34
16,22,25695,15000,0,15000,475.01,0,-100.0
16,23,25495,15000,-5000,10000,316.67,0,58.34
16,24,26764,10000,-5000,5000,158.34,0,58.34
16,25,26270,5000,5000,10000,316.67,0,-258.34
16,26,28792,10000,5000,15000,475.01,0,-258.34
16,27,31540,15000,0,15000,475.01,0,-100.0
16,28,29742,15000,5000,20000,633.34,0,-258.34
16,29,31551,20000,5000,25000,791.68,0,-258.34
17,0,29986,35145,0,35145,1203.64,1,50.0
17,1,28957,35145,-5000,30145,1032.4,1,221.24
17,2,30969,30145,5000,35145,1203.64,1,-121.24
17,3,28216,35145,0,35145,1203.64,1,50.0
17,4,28094,35145,0,35145,1203.64,1,50.0
17,5,30607,35145,-5000,30145,1032.4,0,71.24
17,6,29445,30145,-5000,25145,861.16,0,71.24
17,7,27909,25145,5000,30145,1032.4,1,-121.24
17,8,30553,30145,-5000,25145,861.16,0,71.24
17,9,31345,25145,-5000,20145,689.92,0,71.24
17,10,29500,20145,-5000,15145,518.68,0,71.24
17,11,27666,15145,0,15145,518.68,0,-100.0
17,12,30639,15145,0,15145,518.68,0,-100.0
17,13,31978,15145,0,15145,518.68,0,-100.0
17,14,29061,15145,-5000,10145,347.44,0,71.24
17,15,27674,10145,-5000,5145,176.21,0,71.24
17,16,29717,5145,5000,10145,347.44,0,-271.24
17,17,31841,10145,0,10145,347.44,0,-100.0
17,18,32178,10145,0,10145,347.44,0,-100.0
17,19,31618,10145,5000,15145,518.68,0,-271.24
17,20,33384,15145,5000,20145,689.92,0,-271.24
17,21,34066,20145,-5000,15145,518.68,0,71.24
17,22,35415,15145,0,15145,518.68,0,-100.0
17,23,36877,15145,0,15145,518.68,0,-100.0
17,24,39164,15145,0,15145,518.68,0,-100.0
17,25,41752,15145,5000,20145,689.92,0,-271.24
17,26,40738,20145,0,20145,689.92,0,-100.0
17,27,40926,20145,5000,25145,861.16,0,-271.24
17,28,42060,25145,5000,30145,1032.4,0,-271.24
17,29,41279,30145,0,30145,1032.4,0,-100.0
18,0,31204,25249,5000,30249,1732.86,0,-386.43
18,1,30509,30249,0,30249,1732.86,0,-100.0
18,2,31006,30249,0,30249,1732.86,0,-100.0
18,3,33093,30249,0,30249,1732.86,0,-100.0
18,4,33194,30249,-5000,25249,1446.43,0,186.43
18,5,30325,25249,0,25249,1446.43,0,-100.0
18,6,33314,25249,5000,30249,1732.86,0,-386.43
18,7,34087,30249,0,30249,1732.86,0,-100.0
18,8,33436,30249,-5000,25249,1446.43,0,186.43
18,9,30487,25249,0,25249,1446.43,0,-100.0
18,10,29385,25249,-5000,20249,1160.0,0,186.43
18,11,27940,20249,-5000,15249,873.56,0,186.43
18,12,28587,15249,5000,20249,1160.0,0,-386.43
18,13,29731,20249,0,20249,1160.0,0,-100.0
18,14,29252,20249,-5000,15249,873.56,0,186.43
18,15,27106,15249,0,15249,873.56,0,-100.0
18,16,27505,15249,-5000,10249,587.13,0,186.43
18,17,26998,10249,-5000,5249,300.7,0,186.43
18,18,25019,5249,5000,10249,587.13,0,-386.43
18,19,25173,10249,0,10249,587.13,0,-100.0
18,20,26453,10249,5000,15249,873.56,0,-386.43
18,21,28269,15249,0,15249,873.56,0,-100.0
18,22,30543,15249,0,15249,873.56,0,-100.0
18,23,33451,15249,5000,20249,1160.0,0,-386.43
18,24,34356,20249,5000,25249,1446.43,0,-386.43
18,25,34446,25249,5000,30249,1732.86,0,-386.43
18,26,33154,30249,5000,35249,2019.29,1,-236.43
18,27,33894,35249,5000,40249,2305.73,1,-236.43
18,28,33658,40249,5000,45249,2592.16,1,-236.43
18,29,31103,45249,-5000,40249,2305.73,1,336.43
19,0,28501,50460,0,50460,2622.53,1,50.0
19,1,31270,50460,0,50460,2622.53,1,50.0
19,2,30771,50460,5000,55460,2882.39,1,-209.86
19,3,28414,55460,5000,60460,3142.25,1,-209.86
19,4,26338,60460,-5000,55460,2882.39,1,309.86
19,5,28266,55460,5000,60460,3142.25,1,-209.86
19,6,31088,60460,5000,65460,3402.11,1,-209.86
19,7,31910,65460,0,65460,3402.11,1,50.0
19,8,28938,65460,-5000,60460,3142.25,1,309.86
19,9,27724,60460,-5000,55460,2882.39,1,309.86
19,10,27773,55460,5000,60460,3142.25,1,-209.86
19,11,30552,60460,0,60460,3142.25,1,50.0
19,12,32802,60460,5000,65460,3402.11,1,-209.86
19,13,34960,65460,0,65460,3402.11,1,50.0
19,14,33911,65460,5000,70000,3638.07,1,-185.95
19,15,32362,70000,0,70000,3638.07,1,50.0
19,16,29806,70000,5000,70000,3638.07,1,50.0
19,17,30705,70000,-5000,65000,3378.21,1,309.86
19,18,29036,65000,0,65000,3378.21,1,50.0
19,19,29278,65000,5000,70000,3638.07,1,-209.86
19,20,27874,70000,5000,70000,3638.07,1,50.0
19,21,27540,70000,5000,70000,3638.07,1,50.0
19,22,25970,70000,-5000,65000,3378.21,1,309.86
19,23,23300,65000,0,65000,3378.21,1,50.0
19,24,26018,65000,-5000,60000,3118.34,1,309.86
19,25,25231,60000,-5000,55000,2858.48,1,309.86
19,26,27820,55000,5000,60000,3118.34,1,-209.86
19,27,29396,60000,5000,65000,3378.21,1,-209.86
19,28,30338,65000,5000,70000,3638.07,1,-209.86
19,29,27386,70000,5000,70000,3638.07,1,50.0
20,0,41324,29671,-5000,24671,1287.41,0,160.91
20,1,43770,24671,-5000,19671,1026.49,0,160.91
20,2,41381,19671,0,19671,1026.49,0,-100.0
20,3,39782,19671,5000,24671,1287.41,0,-360.91
20,4,39444,24671,-5000,19671,1026.49,0,160.91
20,5,42154,19671,0,19671,1026.49,0,-100.0
20,6,40731,19671,5000,24671,1287.41,0,-360.91
20,7,40914,24671,-5000,19671,1026.49,0,160.91
20,8,42471,19671,0,19671,1026.49,0,-100.0
20,9,43669,19671,5000,24671,1287.41,0,-360.91
20,10,44332,24671,5000,29671,1548.32,0,-360.91
20,11,42859,29671,-5000,24671,1287.41,0,160.91
20,12,42349,24671,5000,29671,1548.32,0,-360.91
20,13,42494,29671,0,29671,1548.32,0,-100.0
20,14,44171,29671,5000,34671,1809.23,0,-360.91
20,15,46586,34671,-5000,29671,1548.32,0,160.91
20,16,47843,29671,0,29671,1548.32,0,-100.0
20,17,47536,29671,0,29671,1548.32,0,-100.0
20,18,45223,29671,-5000,24671,1287.41,0,160.91
20,19,45520,24671,5000,29671,1548.32,0,-360.91
20,20,47718,29671,-5000,24671,1287.41,0,160.91
20,21,48793,24671,-5000,19671,1026.49,0,160.91
20,22,49843,19671,0,19671,1026.49,0,-100.0
20,23,49542,19671,5000,24671,1287.41,0,-360.91
20,24,49091,24671,5000,29671,1548.32,0,-360.91
20,25,49292,29671,5000,34671,1809.23,0,-360.91
20,26,50000,34671,-5000,29671,1548.32,0,160.91
20,27,50000,29671,0,29671,1548.32,0,-100.0
20,28,50000,29671,-5000,24671,1287.41,0,160.91
20,29,47716,24671,0,24671,1287.41,0,-100.0
21,0,39443,52783,0,52783,3163.15,1,50.0
21,1,36804,52783,0,52783,3163.15,1,50.0
21,2,36778,52783,5000,57783,3462.79,1,-249.64
21,3,35094,57783,0,57783,3462.79,1,50.0
21,4,34158,57783,-5000,52783,3163.15,1,349.64
21,5,31776,52783,0,52783,3163.15,1,50.0
21,6,29270,52783,-5000,47783,2863.51,1,349.64
21,7,28375,47783,-5000,42783,2563.87,1,349.64
21,8,28703,42783,-5000,37783,2264.24,1,349.64
21,9,27513,37783,0,37783,2264.24,1,50.0
21,10,30291,37783,0,37783,2264.24,1,50.0
21,11,32575,37783,0,37783,2264.24,1,50.0
21,12,32273,37783,0,37783,2264.24,1,50.0
21,13,34597,37783,5000,42783,2563.87,1,-249.64
21,14,37371,42783,5000,47783,2863.51,1,-249.64
21,15,37389,47783,0,47783,2863.51,1,50.0
21,16,40272,47783,-5000,42783,2563.87,1,349.64
21,17,39352,42783,5000,47783,2863.51,1,-249.64
21,18,38669,47783,-5000,42783,2563.87,1,349.64
21,19,39031,42783,-5000,37783,2264.24,0,199.64
21,20,41376,37783,5000,42783,2563.87,1,-249.64
21,21,40212,42783,0,42783,2563.87,1,50.0
21,22,43115,42783,5000,47783,2863.51,1,-249.64
21,23,41408,47783,0,47783,2863.51,1,50.0
21,24,42127,47783,0,47783,2863.51,1,50.0
21,25,39277,47783,-5000,42783,2563.87,1,349.64
21,26,41404,42783,-5000,37783,2264.24,0,199.64
21,27,40202,37783,-5000,32783,1964.6,0,199.64
21,28,38266,32783,-5000,27783,1664.96,0,199.64
21,29,37348,27783,5000,32783,1964.6,0,-399.64
22,0,30962,13031,5000,18031,694.15,0,-292.49
22,1,31472,18031,5000,23031,886.63,0,-292.49
22,2,32281,23031,0,23031,886.63,0,-100.0
22,3,34446,23031,0,23031,886.63,0,-100.0
22,4,37145,23031,5000,28031,1079.12,0,-292.49
22,5,37679,28031,5000,33031,1271.61,0,-292.49
22,6,36212,33031,5000,38031,1464.09,1,-142.49
22,7,37241,38031,5000,43031,1656.58,1,-142.49
22,8,35843,43031,5000,48031,1849.07,1,-142.49
22,9,35664,48031,-5000,43031,1656.58,1,242.49
22,10,33691,43031,0,43031,1656.58,1,50.0
22,11,32607,43031,-5000,38031,1464.09,1,242.49
22,12,32169,38031,0,38031,1464.09,1,50.0
22,13,31082,38031,5000,43031,1656.58,1,-142.49
22,14,32759,43031,0,43031,1656.58,1,50.0
22,15,35366,43031,0,43031,1656.58,1,50.0
22,16,33204,43031,-5000,38031,1464.09,1,242.49
22,17,35832,38031,5000,43031,1656.58,1,-142.49
22,18,37267,43031,-5000,38031,1464.09,1,242.49
22,19,36028,38031,-5000,33031,1271.61,0,92.49
22,20,33335,33031,-5000,28031,1079.12,0,92.49
22,21,33767,28031,-5000,23031,886.63,0,92.49
22,22,36674,23031,0,23031,886.63,0,-100.0
22,23,35257,23031,0,23031,886.63,0,-100.0
22,24,36997,23031,-5000,18031,694.15,0,92.49
22,25,34282,18031,-5000,13031,501.66,0,92.49
22,26,36393,13031,-5000,8031,309.17,0,92.49
22,27,37206,8031,0,8031,309.17,0,-100.0
22,28,38871,8031,-5000,5000,192.49,0,16.69
22,29,41257,5000,5000,10000,384.97,0,-292.49
23,0,22025,58857,0,58857,2131.25,1,50.0
23,1,20408,58857,0,58857,2131.25,1,50.0
23,2,18316,58857,-5000,53857,1950.2,1,231.05
23,3,17055,53857,-5000,48857,1769.14,1,231.05
23,4,16543,48857,5000,53857,1950.2,1,-131.05
23,5,14518,53857,-5000,48857,1769.14,1,231.05
23,6,12184,48857,0,48857,1769.14,1,50.0
23,7,10833,48857,0,48857,1769.14,1,50.0
23,8,8008,48857,-5000,43857,1588.09,1,231.05
23,9,8000,43857,0,43857,1588.09,1,50.0
23,10,8306,43857,5000,48857,1769.14,1,-131.05
23,11,8109,48857,5000,53857,1950.2,1,-131.05
23,12,8287,53857,-5000,48857,1769.14,1,231.05
23,13,8000,48857,-5000,43857,1588.09,1,231.05
23,14,8584,43857,-5000,38857,1407.04,1,231.05
23,15,11069,38857,0,38857,1407.04,1,50.0
23,16,13248,38857,5000,43857,1588.09,1,-131.05
23,17,12248,43857,-5000,38857,1407.04,1,231.05
23,18,13711,38857,-5000,33857,1225.98,1,231.05
23,19,12192,33857,5000,38857,1407.04,1,-131.05
23,20,12087,38857,-5000,33857,1225.98,1,231.05
23,21,12055,33857,0,33857,1225.98,1,50.0
23,22,14238,33857,5000,38857,1407.04,1,-131.05
23,23,12386,38857,-5000,33857,1225.98,1,231.05
23,24,13007,33857,-5000,28857,1044.93,1,231.05
23,25,11921,28857,-5000,23857,863.88,1,231.05
23,26,9044,23857,5000,28857,1044.93,1,-131.05
23,27,8000,28857,-5000,23857,863.88,1,231.05
23,28,10597,23857,-5000,18857,682.82,1,231.05
23,29,12496,18857,-5000,13857,501.77,1,231.05
24,0,34658,45313,-5000,40313,1343.18,1,216.59
24,1,32191,40313,0,40313,1343.18,1,50.0
24,2,30575,40313,0,40313,1343.18,1,50.0
24,3,31699,40313,5000,45313,1509.78,1,-116.59
24,4,31662,45313,-5000,40313,1343.18,1,216.59
24,5,30346,40313,5000,45313,1509.78,1,-116.59
24,6,30545,45313,0,45313,1509.78,1,50.0
24,7,30291,45313,-5000,40313,1343.18,1,216.59
24,8,32671,40313,5000,45313,1509.78,1,-116.59
24,9,35642,45313,5000,50313,1676.37,1,-116.59
24,10,34388,50313,-5000,45313,1509.78,1,216.59
24,11,32878,45313,5000,50313,1676.37,1,-116.59
24,12,33219,50313,0,50313,1676.37,1,50.0
24,13,36028,50313,0,50313,1676.37,1,50.0
24,14,38484,50313,5000,55313,1842.97,1,-116.59
24,15,35960,55313,0,55313,1842.97,1,50.0
24,16,37364,55313,5000,60313,2009.56,1,-116.59
24,17,35254,60313,-5000,55313,1842.97,1,216.59
24,18,35543,55313,5000,60313,2009.56,1,-116.59
24,19,33220,60313,0,60313,2009.56,1,50.0
24,20,31998,60313,-5000,55313,1842.97,1,216.59
24,21,32090,55313,0,55313,1842.97,1,50.0
24,22,32904,55313,-5000,50313,1676.37,1,216.59
24,23,34843,50313,-5000,45313,1509.78,1,216.59
24,24,37014,45313,-5000,40313,1343.18,1,216.59
24,25,38429,40313,0,40313,1343.18,1,50.0
24,26,37729,40313,-5000,35313,1176.59,0,66.59
24,27,38941,35313,-5000,30313,1010.0,0,66.59
24,28,39895,30313,5000,35313,1176.59,0,-266.59
24,29,41966,35313,5000,40313,1343.18,0,-266.59
25,0,20431,51297,5000,56297,2936.31,1,-210.79
25,1,18318,56297,0,56297,2936.31,1,50.0
25,2,16735,56297,-5000,51297,2675.52,1,310.79
25,3,18393,51297,-5000,46297,2414.73,1,310.79
25,4,19414,46297,5000,51297,2675.52,1,-210.79
25,5,16775,51297,-5000,46297,2414.73,1,310.79
25,6,18541,46297,0,46297,2414.73,1,50.0
25,7,16269,46297,5000,51297,2675.52,1,-210.79
25,8,14858,51297,-5000,46297,2414.73,1,310.79
25,9,17402,46297,-5000,41297,2153.94,1,310.79
25,10,17722,41297,5000,46297,2414.73,1,-210.79
25,11,18188,46297,0,46297,2414.73,1,50.0
25,12,17517,46297,-5000,41297,2153.94,1,310.79
25,13,17953,41297,5000,46297,2414.73,1,-210.79
25,14,15499,46297,5000,51297,2675.52,1,-210.79
25,15,14989,51297,0,51297,2675.52,1,50.0
25,16,12981,51297,0,51297,2675.52,1,50.0
25,17,11075,51297,-5000,46297,2414.73,1,310.79
25,18,12404,46297,-5000,41297,2153.94,1,310.79
25,19,12087,41297,0,41297,2153.94,1,50.0
25,20,9879,41297,-5000,36297,1893.16,1,310.79
25,21,8940,36297,0,36297,1893.16,1,50.0
25,22,11800,36297,5000,41297,2153.94,1,-210.79
25,23,9938,41297,-5000,36297,1893.16,1,310.79
25,24,8000,36297,0,36297,1893.16,1,50.0
25,25,8000,36297,-5000,31297,1632.37,1,310.79
25,26,10084,31297,5000,36297,1893.16,1,-210.79
25,27,12118,36297,-5000,31297,1632.37,1,310.79
25,28,12836,31297,0,31297,1632.37,1,50.0
25,29,10947,31297,0,31297,1632.37,1,50.0
26,0,37299,47583,5000,52583,2202.44,1,-159.42
26,1,38877,52583,0,52583,2202.44,1,50.0
26,2,37483,52583,5000,57583,2411.86,1,-159.42
26,3,38788,57583,5000,62583,2621.29,1,-159.42
26,4,36686,62583,0,62583,2621.29,1,50.0
26,5,39231,62583,0,62583,2621.29,1,50.0
26,6,41886,62583,-5000,57583,2411.86,1,259.42
26,7,39097,57583,5000,62583,2621.29,1,-159.42
26,8,38247,62583,0,62583,2621.29,1,50.0
26,9,37815,62583,0,62583,2621.29,1,50.0
26,10,40451,62583,-5000,57583,2411.86,1,259.42
26,11,42084,57583,5000,62583,2621.29,1,-159.42
26,12,43028,62583,0,62583,2621.29,1,50.0
26,13,40988,62583,5000,67583,2830.71,1,-159.42
26,14,40800,67583,-5000,62583,2621.29,1,259.42
26,15,39957,62583,5000,67583,2830.71,1,-159.42
26,16,38549,67583,-5000,62583,2621.29,1,259.42
26,17,39640,62583,-5000,57583,2411.86,1,259.42
26,18,42159,57583,5000,62583,2621.29,1,-159.42
26,19,45060,62583,5000,67583,2830.71,1,-159.42
26,20,43522,67583,-5000,62583,2621.29,1,259.42
26,21,42577,62583,0,62583,2621.29,1,50.0
26,22,44856,62583,5000,67583,2830.71,1,-159.42
26,23,45722,67583,5000,70000,2931.95,1,-51.24
26,24,46597,70000,0,70000,2931.95,1,50.0
26,25,46075,70000,0,70000,2931.95,1,50.0
26,26,43607,70000,5000,70000,2931.95,1,50.0
26,27,44523,70000,5000,70000,2931.95,1,50.0
26,28,44726,70000,5000,70000,2931.95,1,50.0
26,29,47424,70000,0,70000,2931.95,1,50.0
27,0,47354,48933,5000,53933,1787.26,1,-115.69
27,1,49521,53933,5000,58933,1952.95,1,-115.69
27,2,49538,58933,-5000,53933,1787.26,1,215.69
27,3,46557,53933,-5000,48933,1621.56,1,215.69
27,4,46143,48933,5000,53933,1787.26,1,-115.69
27,5,45877,53933,-5000,48933,1621.56,1,215.69
27,6,44139,48933,5000,53933,1787.26,1,-115.69
27,7,47067,53933,0,53933,1787.26,1,50.0
27,8,48896,53933,5000,58933,1952.95,1,-115.69
27,9,50000,58933,5000,63933,2118.64,1,-115.69
27,10,50000,63933,0,63933,2118.64,1,50.0
27,11,50000,63933,-5000,58933,1952.95,1,215.69
27,12,49088,58933,0,58933,1952.95,1,50.0
27,13,49516,58933,0,58933,1952.95,1,50.0
27,14,48824,58933,0,58933,1952.95,1,50.0
27,15,45885,58933,0,58933,1952.95,1,50.0
27,16,46339,58933,5000,63933,2118.64,1,-115.69
27,17,46364,63933,0,63933,2118.64,1,50.0
27,18,43770,63933,-5000,58933,1952.95,1,215.69
27,19,42798,58933,0,58933,1952.95,1,50.0
27,20,41974,58933,0,58933,1952.95,1,50.0
27,21,43587,58933,-5000,53933,1787.26,1,215.69
27,22,42580,53933,-5000,48933,1621.56,1,215.69
27,23,41426,48933,5000,53933,1787.26,1,-115.69
27,24,38706,53933,0,53933,1787.26,1,50.0
27,25,35848,53933,5000,58933,1952.95,1,-115.69
27,26,37211,58933,-5000,53933,1787.26,1,215.69
27,27,35400,53933,-5000,48933,1621.56,1,215.69
27,28,35237,48933,5000,53933,1787.26,1,-115.69
27,29,35742,53933,5000,58933,1952.95,1,-115.69
28,0,20936,33902,-5000,28902,1108.2,1,241.72
28,1,20809,28902,0,28902,1108.2,1,50.0
28,2,18151,28902,0,28902,1108.2,1,50.0
28,3,17879,28902,-5000,23902,916.48,1,241.72
28,4,15646,23902,-5000,18902,724.77,1,241.72
28,5,12697,18902,0,18902,724.77,1,50.0
28,6,10236,18902,5000,23902,916.48,1,-141.72
28,7,8704,23902,0,23902,916.48,1,50.0
28,8,9744,23902,0,23902,916.48,1,50.0
28,9,12045,23902,-5000,18902,724.77,1,241.72
28,10,10449,18902,-5000,13902,533.05,1,241.72
28,11,8261,13902,-5000,8902,341.33,1,241.72
28,12,8000,8902,5000,13902,533.05,1,-141.72
28,13,8000,13902,5000,18902,724.77,1,-141.72
28,14,9636,18902,5000,23902,916.48,1,-141.72
28,15,8000,23902,5000,28902,1108.2,1,-141.72
28,16,8683,28902,5000,33902,1299.92,1,-141.72
28,17,8000,33902,5000,38902,1491.63,1,-141.72
28,18,8531,38902,-5000,33902,1299.92,1,241.72
28,19,8000,33902,-5000,28902,1108.2,1,241.72
28,20,10647,28902,-5000,23902,916.48,1,241.72
28,21,8981,23902,0,23902,916.48,1,50.0
28,22,8531,23902,-5000,18902,724.77,1,241.72
28,23,10429,18902,5000,23902,916.48,1,-141.72
28,24,11886,23902,0,23902,916.48,1,50.0
28,25,11301,23902,0,23902,916.48,1,50.0
28,26,11426,23902,-5000,18902,724.77,1,241.72
28,27,8916,18902,-5000,13902,533.05,1,241.72
28,28,8642,13902,-5000,8902,341.33,1,241.72
28,29,8000,8902,5000,13902,533.05,1,-141.72
29,0,40843,36201,-5000,31201,1482.88,0,137.63
29,1,42930,31201,0,31201,1482.88,0,-100.0
29,2,44941,31201,0,31201,1482.88,0,-100.0
29,3,42606,31201,5000,36201,1720.52,0,-337.63
29,4,39786,36201,5000,41201,1958.15,1,-187.63
29,5,37044,41201,-5000,36201,1720.52,0,137.63
29,6,37664,36201,5000,41201,1958.15,1,-187.63
29,7,37114,41201,-5000,36201,1720.52,0,137.63
29,8,35511,36201,5000,41201,1958.15,1,-187.63
29,9,36871,41201,-5000,36201,1720.52,0,137.63
29,10,36180,36201,-5000,31201,1482.88,0,137.63
29,11,34246,31201,5000,36201,1720.52,1,-187.63
29,12,34952,36201,-5000,31201,1482.88,0,137.63
29,13,35856,31201,0,31201,1482.88,0,-100.0
29,14,33224,31201,0,31201,1482.88,0,-100.0
29,15,31335,31201,-5000,26201,1245.25,0,137.63
29,16,33608,26201,5000,31201,1482.88,0,-337.63
29,17,31412,31201,5000,36201,1720.52,1,-187.63
29,18,31857,36201,5000,41201,1958.15,1,-187.63
29,19,33339,41201,0,41201,1958.15,1,50.0
29,20,33548,41201,0,41201,1958.15,1,50.0
29,21,34867,41201,-5000,36201,1720.52,1,287.63
29,22,33865,36201,-5000,31201,1482.88,0,137.63
29,23,32641,31201,-5000,26201,1245.25,0,137.63
29,24,29860,26201,5000,31201,1482.88,1,-187.63
29,25,27305,31201,5000,36201,1720.52,1,-187.63
29,26,24323,36201,5000,41201,1958.15,1,-187.63
29,27,23293,41201,0,41201,1958.15,1,50.0
29,28,21986,41201,0,41201,1958.15,1,50.0
29,29,21695,41201,0,41201,1958.15,1,50.0
30,0,26550,51272,-5000,46272,2133.0,1,280.49
30,1,25708,46272,-5000,41272,1902.52,1,280.49
30,2,23803,41272,5000,46272,2133.0,1,-180.49
30,3,21339,46272,0,46272,2133.0,1,50.0
30,4,23344,46272,5000,51272,2363.49,1,-180.49
30,5,21224,51272,-5000,46272,2133.0,1,280.49
30,6,20459,46272,0,46272,2133.0,1,50.0
30,7,23217,46272,-5000,41272,1902.52,1,280.49
30,8,21203,41272,-5000,36272,1672.03,1,280.49
30,9,23448,36272,-5000,31272,1441.55,1,280.49
30,10,22728,31272,-5000,26272,1211.06,1,280.49
30,11,20670,26272,5000,31272,1441.55,1,-180.49
30,12,17679,31272,-5000,26272,1211.06,1,280.49
30,13,20171,26272,0,26272,1211.06,1,50.0
30,14,17601,26272,0,26272,1211.06,1,50.0
30,15,20426,26272,0,26272,1211.06,1,50.0
30,16,20597,26272,0,26272,1211.06,1,50.0
30,17,21559,26272,-5000,21272,980.58,0,130.49
30,18,23597,21272,5000,26272,1211.06,1,-180.49
30,19,21452,26272,5000,31272,1441.55,1,-180.49
30,20,23353,31272,5000,36272,1672.03,1,-180.49
30,21,22578,36272,0,36272,1672.03,1,50.0
30,22,24613,36272,-5000,31272,1441.55,1,280.49
30,23,26585,31272,5000,36272,1672.03,1,-180.49
30,24,27676,36272,0,36272,1672.03,1,50.0
30,25,28030,36272,-5000,31272,1441.55,1,280.49
30,26,30620,31272,0,31272,1441.55,1,50.0
30,27,27962,31272,5000,36272,1672.03,1,-180.49
30,28,28907,36272,0,36272,1672.03,1,50.0
30,29,26231,36272,5000,41272,1902.52,1,-180.49
31,0,16741,51366,5000,56366,3033.0,1,-219.05
31,1,16927,56366,0,56366,3033.0,1,50.0
31,2,15650,56366,0,56366,3033.0,1,50.0
31,3,17173,56366,-5000,51366,2763.96,1,319.05
31,4,17488,51366,5000,56366,3033.0,1,-219.05
31,5,16171,56366,-5000,51366,2763.96,1,319.05
31,6,18439,51366,-5000,46366,2494.91,1,319.05
31,7,17824,46366,0,46366,2494.91,1,50.0
31,8,19611,46366,-5000,41366,2225.87,1,319.05
31,9,19215,41366,-5000,36366,1956.82,1,319.05
31,10,20940,36366,0,36366,1956.82,1,50.0
31,11,20920,36366,0,36366,1956.82,1,50.0
31,12,18839,36366,5000,41366,2225.87,1,-219.05
31,13,19724,41366,-5000,36366,1956.82,1,319.05
31,14,19207,36366,5000,41366,2225.87,1,-219.05
31,15,20524,41366,0,41366,2225.87,1,50.0
31,16,19341,41366,0,41366,2225.87,1,50.0
31,17,20290,41366,0,41366,2225.87,1,50.0
31,18,17727,41366,0,41366,2225.87,1,50.0
31,19,18410,41366,5000,46366,2494.91,1,-219.05
31,20,18563,46366,0,46366,2494.91,1,50.0
31,21,18897,46366,-5000,41366,2225.87,1,319.05
31,22,16441,41366,5000,46366,2494.91,1,-219.05
31,23,19358,46366,5000,51366,2763.96,1,-219.05
31,24,19859,51366,-5000,46366,2494.91,1,319.05
31,25,22786,46366,0,46366,2494.91,1,50.0
31,26,21523,46366,5000,51366,2763.96,1,-219.05
31,27,23001,51366,5000,56366,3033.0,1,-219.05
31,28,21667,56366,5000,61366,3302.05,1,-219.05
31,29,21384,61366,0,61366,3302.05,1,50.0
32,0,21266,18614,5000,23614,1175.97,1,-199.0
32,1,22553,23614,0,23614,1175.97,1,50.0
32,2,23961,23614,5000,28614,1424.97,1,-199.0
32,3,23326,28614,0,28614,1424.97,1,50.0
32,4,25691,28614,0,28614,1424.97,1,50.0
32,5,23588,28614,5000,33614,1673.97,1,-199.0
32,6,24125,33614,0,33614,1673.97,1,50.0
32,7,25475,33614,5000,38614,1922.97,1,-199.0
32,8,24457,38614,0,38614,1922.97,1,50.0
32,9,22593,38614,0,38614,1922.97,1,50.0
32,10,22009,38614,0,38614,1922.97,1,50.0
32,11,23188,38614,0,38614,1922.97,1,50.0
32,12,22974,38614,0,38614,1922.97,1,50.0
32,13,21525,38614,-5000,33614,1673.97,1,299.0
32,14,23488,33614,-5000,28614,1424.97,1,299.0
32,15,22437,28614,5000,33614,1673.97,1,-199.0
32,16,20224,33614,0,33614,1673.97,1,50.0
32,17,21622,33614,0,33614,1673.97,1,50.0
32,18,20452,33614,-5000,28614,1424.97,1,299.0
32,19,22776,28614,-5000,23614,1175.97,1,299.0
32,20,24606,23614,-5000,18614,926.97,0,149.0
32,21,22580,18614,5000,23614,1175.97,1,-199.0
32,22,25218,23614,5000,28614,1424.97,1,-199.0
32,23,26725,28614,-5000,23614,1175.97,0,149.0
32,24,29204,23614,5000,28614,1424.97,0,-349.0
32,25,27236,28614,-5000,23614,1175.97,0,149.0
32,26,29462,23614,-5000,18614,926.97,0,149.0
32,27,31057,18614,-5000,13614,677.98,0,149.0
32,28,29740,13614,-5000,8614,428.98,0,149.0
32,29,28426,8614,5000,13614,677.98,0,-349.0
33,0,20863,47077,0,47077,2697.97,1,50.0
33,1,21138,47077,5000,52077,2984.52,1,-236.55
33,2,22752,52077,5000,57077,3271.07,1,-236.55
33,3,23246,57077,0,57077,3271.07,1,50.0
33,4,24719,57077,-5000,52077,2984.52,1,336.55
33,5,23565,52077,0,52077,2984.52,1,50.0
33,6,20949,52077,-5000,47077,2697.97,1,336.55
33,7,22256,47077,5000,52077,2984.52,1,-236.55
33,8,22372,52077,0,52077,2984.52,1,50.0
33,9,22014,52077,5000,57077,3271.07,1,-236.55
33,10,22280,57077,-5000,52077,2984.52,1,336.55
33,11,22515,52077,0,52077,2984.52,1,50.0
33,12,23719,52077,5000,57077,3271.07,1,-236.55
33,13,26493,57077,0,57077,3271.07,1,50.0
33,14,25668,57077,0,57077,3271.07,1,50.0
33,15,23726,57077,5000,62077,3557.62,1,-236.55
33,16,25809,62077,5000,67077,3844.17,1,-236.55
33,17,24777,67077,-5000,62077,3557.62,1,336.55
33,18,26916,62077,0,62077,3557.62,1,50.0
33,19,28143,62077,0,62077,3557.62,1,50.0
33,20,27799,62077,0,62077,3557.62,1,50.0
33,21,29676,62077,0,62077,3557.62,1,50.0
33,22,31530,62077,-5000,57077,3271.07,1,336.55
33,23,30946,57077,5000,62077,3557.62,1,-236.55
33,24,33672,62077,5000,67077,3844.17,1,-236.55
33,25,32568,67077,5000,70000,4011.69,1,-117.52
33,26,35184,70000,5000,70000,4011.69,1,50.0
33,27,32309,70000,5000,70000,4011.69,1,50.0
33,28,35289,70000,5000,70000,4011.69,1,50.0
33,29,33688,70000,5000,70000,4011.69,1,50.0
34,0,29457,41311,-5000,36311,1612.87,1,272.09
34,1,30094,36311,0,36311,1612.87,1,50.0
34,2,30896,36311,-5000,31311,1390.78,1,272.09
34,3,29728,31311,-5000,26311,1168.69,0,122.09
34,4,29498,26311,0,26311,1168.69,0,-100.0
34,5,28673,26311,0,26311,1168.69,0,-100.0
34,6,27391,26311,-5000,21311,946.6,0,122.09
34,7,28335,21311,5000,26311,1168.69,0,-322.09
34,8,27079,26311,5000,31311,1390.78,1,-172.09
34,9,27504,31311,-5000,26311,1168.69,0,122.09
34,10,26699,26311,-5000,21311,946.6,0,122.09
34,11,23934,21311,0,21311,946.6,0,-100.0
34,12,23660,21311,5000,26311,1168.69,1,-172.09
34,13,21465,26311,5000,31311,1390.78,1,-172.09
34,14,19872,31311,-5000,26311,1168.69,1,272.09
34,15,21071,26311,5000,31311,1390.78,1,-172.09
34,16,21700,31311,-5000,26311,1168.69,1,272.09
34,17,19392,26311,0,26311,1168.69,1,50.0
34,18,19095,26311,5000,31311,1390.78,1,-172.09
34,19,17813,31311,-5000,26311,1168.69,1,272.09
34,20,20488,26311,-5000,21311,946.6,1,272.09
34,21,17646,21311,0,21311,946.6,1,50.0
34,22,17052,21311,0,21311,946.6,1,50.0
34,23,19318,21311,5000,26311,1168.69,1,-172.09
34,24,18055,26311,5000,31311,1390.78,1,-172.09
34,25,18850,31311,-5000,26311,1168.69,1,272.09
34,26,21480,26311,-5000,21311,946.6,0,122.09
34,27,22011,21311,5000,26311,1168.69,1,-172.09
34,28,20507,26311,-5000,21311,946.6,1,272.09
34,29,20364,21311,5000,26311,1168.69,1,-172.09
35,0,15738,32629,5000,37629,1877.82,1,-199.52
35,1,16191,37629,-5000,32629,1628.3,1,299.52
35,2,14125,32629,0,32629,1628.3,1,50.0
35,3,14163,32629,0,32629,1628.3,1,50.0
35,4,12624,32629,0,32629,1628.3,1,50.0
35,5,11394,32629,5000,37629,1877.82,1,-199.52
35,6,13172,37629,0,37629,1877.82,1,50.0
35,7,10179,37629,5000,42629,2127.34,1,-199.52
35,8,8000,42629,5000,47629,2376.86,1,-199.52
35,9,8000,47629,0,47629,2376.86,1,50.0
35,10,8000,47629,-5000,42629,2127.34,1,299.52
35,11,9100,42629,5000,47629,2376.86,1,-199.52
35,12,8000,47629,5000,52629,2626.38,1,-199.52
35,13,8000,52629,-5000,47629,2376.86,1,299.52
35,14,8000,47629,0,47629,2376.86,1,50.0
35,15,8000,47629,0,47629,2376.86,1,50.0
35,16,8000,47629,-5000,42629,2127.34,1,299.52
35,17,8000,42629,5000,47629,2376.86,1,-199.52
35,18,9578,47629,0,47629,2376.86,1,50.0
35,19,8520,47629,5000,52629,2626.38,1,-199.52
35,20,9607,52629,5000,57629,2875.89,1,-199.52
35,21,12043,57629,5000,62629,3125.41,1,-199.52
35,22,14661,62629,0,62629,3125.41,1,50.0
35,23,14029,62629,-5000,57629,2875.89,1,299.52
35,24,12440,57629,5000,62629,3125.41,1,-199.52
35,25,13726,62629,5000,67629,3374.93,1,-199.52
35,26,11730,67629,0,67629,3374.93,1,50.0
35,27,10061,67629,5000,70000,3493.25,1,-68.32
35,28,8665,70000,-5000,65000,3243.73,1,299.52
35,29,9084,65000,5000,70000,3493.25,1,-199.52
36,0,14988,26294,0,26294,864.62,1,50.0
36,1,13671,26294,-5000,21294,700.21,1,214.41
36,2,13731,21294,-5000,16294,535.79,1,214.41
36,3,12091,16294,-5000,11294,371.38,0,64.41
36,4,9611,11294,0,11294,371.38,1,50.0
36,5,11715,11294,5000,16294,535.79,1,-114.41
36,6,9307,16294,-5000,11294,371.38,1,214.41
36,7,8335,11294,0,11294,371.38,1,50.0
36,8,9815,11294,5000,16294,535.79,1,-114.41
36,9,8868,16294,-5000,11294,371.38,1,214.41
36,10,8000,11294,-5000,6294,206.96,0,64.41
36,11,8000,6294,5000,11294,371.38,1,-114.41
36,12,8000,11294,5000,16294,535.79,1,-114.41
36,13,8318,16294,0,16294,535.79,1,50.0
36,14,8046,16294,5000,21294,700.21,1,-114.41
36,15,8000,21294,-5000,16294,535.79,1,214.41
36,16,8000,16294,0,16294,535.79,1,50.0
36,17,8273,16294,5000,21294,700.21,1,-114.41
36,18,8798,21294,-5000,16294,535.79,1,214.41
36,19,8000,16294,5000,21294,700.21,1,-114.41
36,20,8000,21294,0,21294,700.21,1,50.0
36,21,8232,21294,5000,26294,864.62,1,-114.41
36,22,9518,26294,0,26294,864.62,1,50.0
36,23,8372,26294,0,26294,864.62,1,50.0
36,24,8000,26294,-5000,21294,700.21,1,214.41
36,25,8752,21294,-5000,16294,535.79,1,214.41
36,26,9644,16294,5000,21294,700.21,1,-114.41
36,27,12415,21294,-5000,16294,535.79,1,214.41
36,28,13973,16294,-5000,11294,371.38,0,64.41
36,29,12996,11294,-5000,6294,206.96,0,64.41
37,0,40290,12196,0,12196,430.04,0,-100.0
37,1,41484,12196,5000,17196,606.34,0,-276.3
37,2,43606,17196,-5000,12196,430.04,0,76.3
37,3,46532,12196,0,12196,430.04,0,-100.0
37,4,44609,12196,0,12196,430.04,0,-100.0
37,5,47116,12196,0,12196,430.04,0,-100.0
37,6,45217,12196,5000,17196,606.34,0,-276.3
37,7,47934,17196,5000,22196,782.64,0,-276.3
37,8,50000,22196,5000,27196,958.94,0,-276.3
37,9,49726,27196,-5000,22196,782.64,0,76.3
37,10,50000,22196,-5000,17196,606.34,0,76.3
37,11,49838,17196,0,17196,606.34,0,-100.0
37,12,50000,17196,-5000,12196,430.04,0,76.3
37,13,48511,12196,5000,17196,606.34,0,-276.3
37,14,45549,17196,0,17196,606.34,0,-100.0
37,15,47024,17196,0,17196,606.34,0,-100.0
37,16,46327,17196,5000,22196,782.64,0,-276.3
37,17,45553,22196,5000,27196,958.94,0,-276.3
37,18,45337,27196,-5000,22196,782.64,0,76.3
37,19,45520,22196,-5000,17196,606.34,0,76.3
37,20,48105,17196,0,17196,606.34,0,-100.0
37,21,47337,17196,0,17196,606.34,0,-100.0
37,22,48052,17196,-5000,12196,430.04,0,76.3
37,23,46782,12196,0,12196,430.04,0,-100.0
37,24,45333,12196,5000,17196,606.34,0,-276.3
37,25,42955,17196,5000,22196,782.64,0,-276.3
37,26,42046,22196,0,22196,782.64,0,-100.0
37,27,39992,22196,0,22196,782.64,0,-100.0
37,28,41519,22196,-5000,17196,606.34,0,76.3
37,29,39312,17196,0,17196,606.34,0,-100.0
38,0,33399,32523,5000,37523,1480.0,1,-147.21
38,1,35464,37523,-5000,32523,1282.79,0,97.21
38,2,34637,32523,-5000,27523,1085.58,0,97.21
38,3,31693,27523,-5000,22523,888.36,0,97.21
38,4,32281,22523,5000,27523,1085.58,0,-297.21
38,5,33922,27523,0,27523,1085.58,0,-100.0
38,6,35590,27523,-5000,22523,888.36,0,97.21
38,7,37629,22523,5000,27523,1085.58,0,-297.21
38,8,35199,27523,0,27523,1085.58,0,-100.0
38,9,37179,27523,0,27523,1085.58,0,-100.0
38,10,39221,27523,5000,32523,1282.79,0,-297.21
38,11,39068,32523,-5000,27523,1085.58,0,97.21
38,12,38108,27523,-5000,22523,888.36,0,97.21
38,13,37952,22523,0,22523,888.36,0,-100.0
38,14,37735,22523,-5000,17523,691.15,0,97.21
38,15,36541,17523,5000,22523,888.36,0,-297.21
38,16,33702,22523,-5000,17523,691.15,0,97.21
38,17,36056,17523,-5000,12523,493.94,0,97.21
38,18,35544,12523,-5000,7523,296.73,0,97.21
38,19,33171,7523,0,7523,296.73,0,-100.0
38,20,33299,7523,-5000,5000,197.21,0,-0.49
38,21,30765,5000,-5000,5000,197.21,0,-100.0
38,22,31674,5000,5000,10000,394.42,0,-297.21
38,23,29755,10000,-5000,5000,197.21,0,97.21
38,24,28817,5000,0,5000,197.21,0,-100.0
38,25,27282,5000,-5000,5000,197.21,0,-100.0
38,26,27432,5000,0,5000,197.21,0,-100.0
38,27,26485,5000,-5000,5000,197.21,0,-100.0
38,28,29061,5000,0,5000,197.21,0,-100.0
38,29,28573,5000,-5000,5000,197.21,0,-100.0
39,0,48382,11615,-5000,6615,374.75,0,183.25
39,1,49900,6615,-5000,5000,283.25,0,-8.51
39,2,47205,5000,-5000,5000,283.25,0,-100.0
39,3,46963,5000,0,5000,283.25,0,-100.0
39,4,46406,5000,-5000,5000,283.25,0,-100.0
39,5,44601,5000,5000,10000,566.51,0,-383.25
39,6,47376,10000,5000,15000,849.76,0,-383.25
39,7,44996,15000,5000,20000,1133.02,0,-383.25
39,8,46147,20000,0,20000,1133.02,0,-100.0
39,9,44006,20000,5000,25000,1416.27,0,-383.25
39,10,43661,25000,-5000,20000,1133.02,0,183.25
39,11,41920,20000,0,20000,1133.02,0,-100.0
39,12,39293,20000,-5000,15000,849.76,0,183.25
39,13,39103,15000,5000,20000,1133.02,0,-383.25
39,14,36621,20000,0,20000,1133.02,0,-100.0
39,15,39115,20000,5000,25000,1416.27,0,-383.25
39,16,41664,25000,-5000,20000,1133.02,0,183.25
39,17,43472,20000,5000,25000,1416.27,0,-383.25
39,18,42428,25000,0,25000,1416.27,0,-100.0
39,19,42613,25000,0,25000,1416.27,0,-100.0
39,20,41351,25000,5000,30000,1699.53,0,-383.25
39,21,44089,30000,0,30000,1699.53,0,-100.0
39,22,45920,30000,0,30000,1699.53,0,-100.0
39,23,47688,30000,0,30000,1699.53,0,-100.0
39,24,47509,30000,-5000,25000,1416.27,0,183.25
39,25,48436,25000,-5000,20000,1133.02,0,183.25
39,26,46737,20000,-5000,15000,849.76,0,183.25
39,27,49628,15000,-5000,10000,566.51,0,183.25
39,28,50000,10000,5000,15000,849.76,0,-383.25
39,29,47186,15000,0,15000,849.76,0,-100.0
40,0,25984,43335,0,43335,1766.34,1,50.0
40,1,27788,43335,0,43335,1766.34,1,50.0
40,2,27062,43335,5000,48335,1970.14,1,-153.8
40,3,28874,48335,5000,53335,2173.94,1,-153.8
40,4,30257,53335,0,53335,2173.94,1,50.0
40,5,31894,53335,-5000,48335,1970.14,1,253.8
40,6,30519,48335,0,48335,1970.14,1,50.0
40,7,33334,48335,0,48335,1970.14,1,50.0
40,8,32636,48335,0,48335,1970.14,1,50.0
40,9,31383,48335,0,48335,1970.14,1,50.0
40,10,30485,48335,0,48335,1970.14,1,50.0
40,11,29703,48335,-5000,43335,1766.34,1,253.8
40,12,32524,43335,0,43335,1766.34,1,50.0
40,13,29947,43335,0,43335,1766.34,1,50.0
40,14,30139,43335,-5000,38335,1562.54,1,253.8
40,15,28973,38335,-5000,33335,1358.74,1,253.8
40,16,28976,33335,5000,38335,1562.54,1,-153.8
40,17,31786,38335,0,38335,1562.54,1,50.0
40,18,33965,38335,-5000,33335,1358.74,0,103.8
40,19,35647,33335,0,33335,1358.74,0,-100.0
40,20,37196,33335,5000,38335,1562.54,1,-153.8
40,21,37390,38335,-5000,33335,1358.74,0,103.8
40,22,37547,33335,5000,38335,1562.54,1,-153.8
40,23,40370,38335,5000,43335,1766.34,1,-153.8
40,24,38458,43335,0,43335,1766.34,1,50.0
40,25,36085,43335,5000,48335,1970.14,1,-153.8
40,26,39039,48335,-5000,43335,1766.34,1,253.8
40,27,39978,43335,5000,48335,1970.14,1,-153.8
40,28,42061,48335,0,48335,1970.14,1,50.0
40,29,39684,48335,5000,53335,2173.94,1,-153.8
41,0,10883,58944,-5000,53944,2555.29,1,286.85
41,1,13497,53944,5000,58944,2792.14,1,-186.85
41,2,15977,58944,0,58944,2792.14,1,50.0
41,3,13476,58944,-5000,53944,2555.29,1,286.85
41,4,12489,53944,5000,58944,2792.14,1,-186.85
41,5,10395,58944,5000,63944,3028.98,1,-186.85
41,6,8831,63944,0,63944,3028.98,1,50.0
41,7,8000,63944,0,63944,3028.98,1,50.0
41,8,8000,63944,-5000,58944,2792.14,1,286.85
41,9,8406,58944,5000,63944,3028.98,1,-186.85
41,10,11023,63944,-5000,58944,2792.14,1,286.85
41,11,13306,58944,5000,63944,3028.98,1,-186.85
41,12,16236,63944,0,63944,3028.98,1,50.0
41,13,18341,63944,0,63944,3028.98,1,50.0
41,14,15690,63944,-5000,58944,2792.14,1,286.85
41,15,16722,58944,-5000,53944,2555.29,1,286.85
41,16,16330,53944,5000,58944,2792.14,1,-186.85
41,17,14228,58944,0,58944,2792.14,1,50.0
41,18,12517,58944,0,58944,2792.14,1,50.0
41,19,10961,58944,5000,63944,3028.98,1,-186.85
41,20,8421,63944,5000,68944,3265.83,1,-186.85
41,21,10172,68944,5000,70000,3315.85,1,-0.02
41,22,12281,70000,-5000,65000,3079.01,1,286.85
41,23,14867,65000,0,65000,3079.01,1,50.0
41,24,17639,65000,5000,70000,3315.85,1,-186.85
41,25,18116,70000,0,70000,3315.85,1,50.0
41,26,15819,70000,-5000,65000,3079.01,1,286.85
41,27,15157,65000,5000,70000,3315.85,1,-186.85
41,28,15189,70000,0,70000,3315.85,1,50.0
41,29,13655,70000,0,70000,3315.85,1,50.0
42,0,36748,46470,0,46470,2763.31,1,50.0
42,1,39357,46470,0,46470,2763.31,1,50.0
42,2,37123,46470,0,46470,2763.31,1,50.0
42,3,34895,46470,-5000,41470,2465.99,1,347.32
42,4,37182,41470,5000,46470,2763.31,1,-247.32
42,5,35509,46470,5000,51470,3060.63,1,-247.32
42,6,32922,51470,-5000,46470,2763.31,1,347.32
42,7,34158,46470,-5000,41470,2465.99,1,347.32
42,8,35541,41470,5000,46470,2763.31,1,-247.32
42,9,32937,46470,-5000,41470,2465.99,1,347.32
42,10,35577,41470,0,41470,2465.99,1,50.0
42,11,35615,41470,0,41470,2465.99,1,50.0
42,12,35216,41470,5000,46470,2763.31,1,-247.32
42,13,35694,46470,-5000,41470,2465.99,1,347.32
42,14,36453,41470,5000,46470,2763.31,1,-247.32
42,15,34134,46470,0,46470,2763.31,1,50.0
42,16,35877,46470,0,46470,2763.31,1,50.0
42,17,33695,46470,-5000,41470,2465.99,1,347.32
42,18,34182,41470,0,41470,2465.99,1,50.0
42,19,36948,41470,0,41470,2465.99,1,50.0
42,20,39536,41470,-5000,36470,2168.66,0,197.32
42,21,39220,36470,-5000,31470,1871.34,0,197.32
42,22,39665,31470,-5000,26470,1574.02,0,197.32
42,23,39618,26470,0,26470,1574.02,0,-100.0
42,24,37732,26470,-5000,21470,1276.7,0,197.32
42,25,37804,21470,5000,26470,1574.02,0,-397.32
42,26,35996,26470,0,26470,1574.02,0,-100.0
42,27,34343,26470,5000,31470,1871.34,0,-397.32
42,28,33832,31470,5000,36470,2168.66,1,-247.32
42,29,32303,36470,-5000,31470,1871.34,0,197.32
43,0,47161,59537,0,59537,2950.06,1,50.0
43,1,46319,59537,0,59537,2950.06,1,50.0
43,2,44121,59537,0,59537,2950.06,1,50.0
43,3,43307,59537,-5000,54537,2702.31,1,297.75
43,4,41533,54537,0,54537,2702.31,1,50.0
43,5,40749,54537,5000,59537,2950.06,1,-197.75
43,6,40620,59537,5000,64537,3197.81,1,-197.75
43,7,41584,64537,-5000,59537,2950.06,1,297.75
43,8,39804,59537,5000,64537,3197.81,1,-197.75
43,9,40074,64537,-5000,59537,2950.06,1,297.75
43,10,40206,59537,5000,64537,3197.81,1,-197.75
43,11,39538,64537,-5000,59537,2950.06,1,297.75
43,12,38403,59537,5000,64537,3197.81,1,-197.75
43,13,39973,64537,5000,69537,3445.56,1,-197.75
43,14,42442,69537,-5000,64537,3197.81,1,297.75
43,15,41138,64537,-5000,59537,2950.06,1,297.75
43,16,38166,59537,5000,64537,3197.81,1,-197.75
43,17,40787,64537,-5000,59537,2950.06,1,297.75
43,18,42120,59537,0,59537,2950.06,1,50.0
43,19,39535,59537,5000,64537,3197.81,1,-197.75
43,20,41762,64537,0,64537,3197.81,1,50.0
43,21,43009,64537,0,64537,3197.81,1,50.0
43,22,44766,64537,0,64537,3197.81,1,50.0
43,23,47701,64537,-5000,59537,2950.06,1,297.75
43,24,45733,59537,5000,64537,3197.81,1,-197.75
43,25,44465,64537,-5000,59537,2950.06,1,297.75
43,26,46212,59537,-5000,54537,2702.31,1,297.75
43,27,46293,54537,-5000,49537,2454.56,1,297.75
43,28,44480,49537,5000,54537,2702.31,1,-197.75
43,29,42679,54537,-5000,49537,2454.56,1,297.75
44,0,38557,16374,5000,21374,1197.35,0,-380.1
44,1,36318,21374,5000,26374,1477.45,0,-380.1
44,2,37032,26374,5000,31374,1757.54,0,-380.1
44,3,36203,31374,5000,36374,2037.64,1,-230.1
44,4,36961,36374,-5000,31374,1757.54,0,180.1
44,5,39498,31374,5000,36374,2037.64,0,-380.1
44,6,38299,36374,0,36374,2037.64,0,-100.0
44,7,37627,36374,0,36374,2037.64,0,-100.0
44,8,40419,36374,5000,41374,2317.73,1,-230.1
44,9,38712,41374,5000,46374,2597.83,1,-230.1
44,10,38339,46374,5000,51374,2877.92,1,-230.1
44,11,39924,51374,0,51374,2877.92,1,50.0
44,12,39663,51374,0,51374,2877.92,1,50.0
44,13,41838,51374,0,51374,2877.92,1,50.0
44,14,40517,51374,0,51374,2877.92,1,50.0
44,15,38686,51374,0,51374,2877.92,1,50.0
44,16,36370,51374,-5000,46374,2597.83,1,330.1
44,17,37713,46374,-5000,41374,2317.73,1,330.1
44,18,38122,41374,5000,46374,2597.83,1,-230.1
44,19,39468,46374,0,46374,2597.83,1,50.0
44,20,37629,46374,5000,51374,2877.92,1,-230.1
44,21,39639,51374,0,51374,2877.92,1,50.0
44,22,37159,51374,-5000,46374,2597.83,1,330.1
44,23,36050,46374,-5000,41374,2317.73,1,330.1
44,24,38212,41374,-5000,36374,2037.64,0,180.1
44,25,36907,36374,5000,41374,2317.73,1,-230.1
44,26,38816,41374,-5000,36374,2037.64,0,180.1
44,27,38117,36374,0,36374,2037.64,0,-100.0
44,28,39102,36374,5000,41374,2317.73,1,-230.1
44,29,41328,41374,5000,46374,2597.83,1,-230.1
45,0,11096,38150,-5000,33150,1229.56,1,235.45
45,1,13693,33150,-5000,28150,1044.11,1,235.45
45,2,11583,28150,-5000,23150,858.65,1,235.45
45,3,9474,23150,0,23150,858.65,1,50.0
45,4,8660,23150,5000,28150,1044.11,1,-135.45
45,5,8000,28150,0,28150,1044.11,1,50.0
45,6,8960,28150,0,28150,1044.11,1,50.0
45,7,10738,28150,-5000,23150,858.65,1,235.45
45,8,10782,23150,5000,28150,1044.11,1,-135.45
45,9,12960,28150,0,28150,1044.11,1,50.0
45,10,13871,28150,5000,33150,1229.56,1,-135.45
45,11,14620,33150,5000,38150,1415.01,1,-135.45
45,12,12385,38150,0,38150,1415.01,1,50.0
45,13,10058,38150,-5000,33150,1229.56,1,235.45
45,14,9889,33150,-5000,28150,1044.11,1,235.45
45,15,9331,28150,0,28150,1044.11,1,50.0
45,16,10056,28150,5000,33150,1229.56,1,-135.45
45,17,12152,33150,0,33150,1229.56,1,50.0
45,18,11105,33150,5000,38150,1415.01,1,-135.45
45,19,8846,38150,0,38150,1415.01,1,50.0
45,20,8384,38150,-5000,33150,1229.56,1,235.45
45,21,9082,33150,-5000,28150,1044.11,1,235.45
45,22,8000,28150,0,28150,1044.11,1,50.0
45,23,8000,28150,5000,33150,1229.56,1,-135.45
45,24,8000,33150,0,33150,1229.56,1,50.0
45,25,9847,33150,-5000,28150,1044.11,1,235.45
45,26,11452,28150,5000,33150,1229.56,1,-135.45
45,27,13867,33150,-5000,28150,1044.11,1,235.45
45,28,15157,28150,5000,33150,1229.56,1,-135.45
45,29,16735,33150,-5000,28150,1044.11,1,235.45
46,0,30091,39442,0,39442,1310.24,1,50.0
46,1,27279,39442,0,39442,1310.24,1,50.0
46,2,29899,39442,0,39442,1310.24,1,50.0
46,3,28560,39442,5000,44442,1476.34,1,-116.1
46,4,26153,44442,0,44442,1476.34,1,50.0
46,5,26228,44442,0,44442,1476.34,1,50.0
46,6,28758,44442,0,44442,1476.34,1,50.0
46,7,31597,44442,-5000,39442,1310.24,1,216.1
46,8,33000,39442,0,39442,1310.24,1,50.0
46,9,31443,39442,-5000,34442,1144.14,1,216.1
46,10,32761,34442,0,34442,1144.14,1,50.0
46,11,33428,34442,-5000,29442,978.04,0,66.1
46,12,34015,29442,5000,34442,1144.14,1,-116.1
46,13,31118,34442,0,34442,1144.14,1,50.0
46,14,31084,34442,5000,39442,1310.24,1,-116.1
46,15,29781,39442,0,39442,1310.24,1,50.0
46,16,31084,39442,-5000,34442,1144.14,1,216.1
46,17,32890,34442,5000,39442,1310.24,1,-116.1
46,18,34207,39442,0,39442,1310.24,1,50.0
46,19,35692,39442,5000,44442,1476.34,1,-116.1
46,20,38112,44442,0,44442,1476.34,1,50.0
46,21,37848,44442,0,44442,1476.34,1,50.0
46,22,36006,44442,5000,49442,1642.43,1,-116.1
46,23,37629,49442,0,49442,1642.43,1,50.0
46,24,36438,49442,0,49442,1642.43,1,50.0
46,25,36047,49442,0,49442,1642.43,1,50.0
46,26,37715,49442,5000,54442,1808.53,1,-116.1
46,27,40294,54442,5000,59442,1974.63,1,-116.1
46,28,41523,59442,0,59442,1974.63,1,50.0
46,29,42117,59442,0,59442,1974.63,1,50.0
47,0,27503,28466,5000,33466,1819.34,1,-221.82
47,1,27442,33466,0,33466,1819.34,1,50.0
47,2,27636,33466,-5000,28466,1547.52,1,321.82
47,3,28223,28466,5000,33466,1819.34,1,-221.82
47,4,27321,33466,-5000,28466,1547.52,1,321.82
47,5,26642,28466,-5000,23466,1275.7,0,171.82
47,6,25885,23466,0,23466,1275.7,0,-100.0
47,7,23565,23466,5000,28466,1547.52,1,-221.82
47,8,21912,28466,5000,33466,1819.34,1,-221.82
47,9,23306,33466,-5000,28466,1547.52,1,321.82
47,10,23685,28466,-5000,23466,1275.7,0,171.82
47,11,21283,23466,5000,28466,1547.52,1,-221.82
47,12,23097,28466,-5000,23466,1275.7,1,321.82
47,13,21793,23466,-5000,18466,1003.88,0,171.82
47,14,21163,18466,-5000,13466,732.06,0,171.82
47,15,20131,13466,0,13466,732.06,0,-100.0
47,16,18265,13466,5000,18466,1003.88,1,-221.82
47,17,19630,18466,5000,23466,1275.7,1,-221.82
47,18,17646,23466,5000,28466,1547.52,1,-221.82
47,19,19663,28466,-5000,23466,1275.7,1,321.82
47,20,21170,23466,0,23466,1275.7,1,50.0
47,21,22895,23466,0,23466,1275.7,1,50.0
47,22,24708,23466,-5000,18466,1003.88,0,171.82
47,23,24042,18466,-5000,13466,732.06,0,171.82
47,24,22532,13466,-5000,8466,460.24,0,171.82
47,25,21826,8466,-5000,5000,271.82,0,88.42
47,26,23068,5000,0,5000,271.82,0,-100.0
47,27,25043,5000,5000,10000,543.64,0,-371.82
47,28,22937,10000,-5000,5000,271.82,0,171.82
47,29,22473,5000,0,5000,271.82,0,-100.0
48,0,37573,39079,5000,44079,2356.74,1,-217.33
48,1,35809,44079,0,44079,2356.74,1,50.0
48,2,35445,44079,5000,49079,2624.07,1,-217.33
48,3,34106,49079,-5000,44079,2356.74,1,317.33
48,4,33143,44079,0,44079,2356.74,1,50.0
48,5,31233,44079,-5000,39079,2089.41,1,317.33
48,6,29621,39079,0,39079,2089.41,1,50.0
48,7,28681,39079,0,39079,2089.41,1,50.0
48,8,29995,39079,-5000,34079,1822.08,1,317.33
48,9,32454,34079,5000,39079,2089.41,1,-217.33
48,10,30502,39079,-5000,34079,1822.08,1,317.33
48,11,28603,34079,-5000,29079,1554.75,1,317.33
48,12,27795,29079,-5000,24079,1287.42,0,167.33
48,13,24881,24079,0,24079,1287.42,0,-100.0
48,14,26086,24079,-5000,19079,1020.08,0,167.33
48,15,28248,19079,0,19079,1020.08,0,-100.0
48,16,30652,19079,-5000,14079,752.75,0,167.33
48,17,30888,14079,5000,19079,1020.08,0,-367.33
48,18,28242,19079,5000,24079,1287.42,0,-367.33
48,19,27431,24079,0,24079,1287.42,0,-100.0
48,20,28201,24079,0,24079,1287.42,0,-100.0
48,21,25343,24079,5000,29079,1554.75,1,-217.33
48,22,26084,29079,5000,34079,1822.08,1,-217.33
48,23,25913,34079,0,34079,1822.08,1,50.0
48,24,25559,34079,5000,39079,2089.41,1,-217.33
48,25,27553,39079,5000,44079,2356.74,1,-217.33
48,26,27578,44079,5000,49079,2624.07,1,-217.33
48,27,26730,49079,0,49079,2624.07,1,50.0
48,28,28291,49079,-5000,44079,2356.74,1,317.33
48,29,29553,44079,-5000,39079,2089.41,1,317.33
49,0,29723,33433,0,33433,1481.62,1,50.0
49,1,29431,33433,0,33433,1481.62,1,50.0
49,2,31011,33433,0,33433,1481.62,1,50.0
49,3,31866,33433,5000,38433,1703.2,1,-171.58
49,4,34803,38433,-5000,33433,1481.62,0,121.58
49,5,36080,33433,-5000,28433,1260.04,0,121.58
49,6,34260,28433,5000,33433,1481.62,0,-321.58
49,7,31672,33433,5000,38433,1703.2,1,-171.58
49,8,33295,38433,5000,43433,1924.78,1,-171.58
49,9,34302,43433,5000,48433,2146.36,1,-171.58
49,10,32013,48433,5000,53433,2367.94,1,-171.58
49,11,29974,53433,-5000,48433,2146.36,1,271.58
49,12,27743,48433,0,48433,2146.36,1,50.0
49,13,29236,48433,-5000,43433,1924.78,1,271.58
49,14,31169,43433,0,43433,1924.78,1,50.0
49,15,31942,43433,5000,48433,2146.36,1,-171.58
49,16,31533,48433,0,48433,2146.36,1,50.0
49,17,34500,48433,0,48433,2146.36,1,50.0
49,18,35187,48433,-5000,43433,1924.78,1,271.58
49,19,33479,43433,-5000,38433,1703.2,1,271.58
49,20,31820,38433,-5000,33433,1481.62,1,271.58
49,21,33300,33433,-5000,28433,1260.04,0,121.58
49,22,34076,28433,5000,33433,1481.62,0,-321.58
49,23,35669,33433,0,33433,1481.62,0,-100.0
49,24,33025,33433,5000,38433,1703.2,1,-171.58
49,25,30043,38433,5000,43433,1924.78,1,-171.58
49,26,31068,43433,-5000,38433,1703.2,1,271.58
49,27,32507,38433,-5000,33433,1481.62,1,271.58
49,28,30860,33433,5000,38433,1703.2,1,-171.58
49,29,33734,38433,-5000,33433,1481.62,0,121.58
