episode,step,state_utilization,action,reward,next_utilization
0,0,0.7869780242779817,-0.018336468074384302,-0.01833646807438427,0.7686415562035974
0,1,0.7686415562035974,0.10757937597341473,0.10757937597341471,0.8762209321770121
0,2,0.8762209321770121,0.059210408717809165,0.05921040871780914,0.9354313408948213
0,3,0.9354313408948213,-0.12174679563370513,-0.12174679563370516,0.8136845452611161
0,4,0.8136845452611161,0.14268670549102677,0.13950108011495532,0.9563712507521429
0,5,0.9563712507521429,0.0783419105971059,0.018628749247857068,1.0
0,6,1.0,0.08581929158308614,-0.025000000000000022,1.0
0,7,1.0,-0.11156591019733623,-0.1115659101973362,0.8884340898026638
0,8,0.8884340898026638,-0.01488421863132986,-0.014884218631329826,0.873549871171334
0,9,0.873549871171334,-0.038760592730225626,-0.038760592730225585,0.8347892784411084
0,10,0.8347892784411084,0.12802949665458055,0.12162010910673604,0.9628187750956889
0,11,0.9628187750956889,0.04315953602419936,0.012181224904311061,1.0
0,12,1.0,0.09682848398124899,-0.025000000000000022,1.0
0,13,1.0,-0.01697574035180066,-0.03348787017590038,0.9830242596481993
0,14,0.9830242596481993,-0.08182838346456693,-0.08182838346456689,0.9011958761836324
0,15,0.9011958761836324,0.01637543610475044,0.01637543610475045,0.9175713122883828
0,16,0.9175713122883828,-0.1308548231687474,-0.13085482316874741,0.7867164891196354
0,17,0.7867164891196354,0.09828935159777462,0.09828935159777463,0.8850058407174101
0,18,0.8850058407174101,0.03949931973661945,0.039499319736619465,0.9245051604540295
0,19,0.9245051604540295,0.07742632202561214,0.05049483954597045,1.0
1,0,0.5772629840649341,0.14120940731847098,0.14120940731847098,0.7184723913834051
1,1,0.7184723913834051,0.11793633639665929,0.11793633639665935,0.8364087277800645
1,2,0.8364087277800645,0.08351504912212855,0.08351504912212859,0.9199237769021931
1,3,0.9199237769021931,-0.09160838764440972,-0.0916083876444097,0.8283153892577834
1,4,0.8283153892577834,-0.009983698881889746,-0.009983698881889769,0.8183316903758936
1,5,0.8183316903758936,-0.13685887026383137,-0.13685887026383137,0.6814728201120622
1,6,0.6814728201120622,-0.10371315237973565,-0.10371315237973566,0.5777596677323266
1,7,0.5777596677323266,0.05491468597273639,0.05491468597273641,0.632674353705063
1,8,0.632674353705063,0.07342864677234513,0.07342864677234517,0.7061030004774081
1,9,0.7061030004774081,0.140252919730263,0.140252919730263,0.8463559202076711
1,10,0.8463559202076711,-0.05225239255855441,-0.052252392558554406,0.7941035276491167
1,11,0.7941035276491167,-0.03886208818953933,-0.03886208818953929,0.7552414394595774
1,12,0.7552414394595774,-0.009133256617257623,-0.009133256617257612,0.7461081828423198
1,13,0.7461081828423198,-0.09315859227471429,-0.09315859227471435,0.6529495905676055
1,14,0.6529495905676055,-0.1110235483993585,-0.11102354839935846,0.541926042168247
1,15,0.541926042168247,-0.007288522132219876,-0.007288522132219866,0.5346375200360272
1,16,0.5346375200360272,-0.08192719528473476,-0.08192719528473474,0.4527103247512924
1,17,0.4527103247512924,0.0509441984047531,0.050944198404753116,0.5036545231560455
1,18,0.5036545231560455,-0.018854424338300778,-0.018854424338300757,0.4848000988177448
1,19,0.4848000988177448,0.09980345881735123,0.0998034588173512,0.584603557635096
2,0,0.7501325510011245,-0.05629000758538768,-0.056290007585387714,0.6938425434157368
2,1,0.6938425434157368,0.09967794041856032,0.09967794041856026,0.7935204838342971
2,2,0.7935204838342971,0.09142930724904055,0.09142930724904053,0.8849497910833376
2,3,0.8849497910833376,-0.033756486290947664,-0.03375648629094763,0.85119330479239
2,4,0.85119330479239,-0.06350156882092677,-0.06350156882092672,0.7876917359714632
2,5,0.7876917359714632,0.05474865119249265,0.054748651192492614,0.8424403871639559
2,6,0.8424403871639559,-0.10807425491720705,-0.10807425491720701,0.7343661322467488
2,7,0.7343661322467488,-0.0900275392574675,-0.09002753925746754,0.6443385929892813
2,8,0.6443385929892813,-0.14779131907469834,-0.14779131907469834,0.496547273914583
2,9,0.496547273914583,0.08607731325064151,0.0860773132506415,0.5826245871652245
2,10,0.5826245871652245,0.04945525697760964,0.04945525697760966,0.6320798441428341
2,11,0.6320798441428341,0.06154961358790053,0.061549613587900565,0.6936294577307347
2,12,0.6936294577307347,0.08421870930659037,0.08421870930659037,0.7778481670373251
2,13,0.7778481670373251,-0.012325267338498013,-0.012325267338498036,0.765522899698827
2,14,0.765522899698827,0.02062235878586812,0.020622358785868156,0.7861452584846952
2,15,0.7861452584846952,-0.10806090056170277,-0.10806090056170281,0.6780843579229924
2,16,0.6780843579229924,-0.11564097793920797,-0.11564097793920791,0.5624433799837845
2,17,0.5624433799837845,0.05052088853714149,0.05052088853714154,0.612964268520926
2,18,0.612964268520926,-0.008671138157060243,-0.00867113815706022,0.6042931303638658
2,19,0.6042931303638658,0.01957083194435665,0.019570831944356604,0.6238639623082224
3,0,0.7824994287080128,0.04041549600017724,0.04041549600017724,0.82291492470819
3,1,0.82291492470819,0.016073820197398746,0.01607382019739878,0.8389887449055888
3,2,0.8389887449055888,0.017762148223624062,0.017762148223624097,0.8567508931292129
3,3,0.8567508931292129,-0.05881497058121634,-0.05881497058121632,0.7979359225479966
3,4,0.7979359225479966,-0.14075464962961817,-0.14075464962961814,0.6571812729183785
3,5,0.6571812729183785,-0.01898478323029129,-0.01898478323029129,0.6381964896880872
3,6,0.6381964896880872,-0.08562459815414124,-0.08562459815414125,0.5525718915339459
3,7,0.5525718915339459,-0.027441406882609154,-0.02744140688260921,0.5251304846513367
3,8,0.5251304846513367,0.10602092198044984,0.10602092198044988,0.6311514066317866
3,9,0.6311514066317866,-0.07981815424039777,-0.07981815424039773,0.5513332523913889
3,10,0.5513332523913889,-0.1325091774932802,-0.13250917749328017,0.4188240748981087
3,11,0.4188240748981087,-0.06558483239340103,-0.06558483239340102,0.3532392425047077
3,12,0.3532392425047077,-0.06192187266999491,-0.06192187266999488,0.2913173698347128
3,13,0.2913173698347128,0.048574954418068514,0.04857495441806853,0.3398923242527813
3,14,0.3398923242527813,0.017109645702383502,0.01710964570238349,0.3570019699551648
3,15,0.3570019699551648,0.08516946273192405,0.08516946273192405,0.44217143268708886
3,16,0.44217143268708886,0.04929406209821626,0.04929406209821624,0.4914654947853051
3,17,0.4914654947853051,-0.028083941567978842,-0.028083941567978832,0.46338155321732627
3,18,0.46338155321732627,0.0942061153998104,0.09420611539981044,0.5575876686171367
3,19,0.5575876686171367,-0.09990812402768882,-0.09990812402768884,0.4576795445894479
4,0,0.41135603656693026,-0.12298564176730747,-0.12298564176730747,0.2883703947996228
4,1,0.2883703947996228,0.06670780517893508,0.0667078051789351,0.3550781999785579
4,2,0.3550781999785579,-0.011436830924583785,-0.011436830924583807,0.3436413690539741
4,3,0.3436413690539741,-0.10161846628991945,-0.10161846628991944,0.24202290276405464
4,4,0.24202290276405464,0.0003134325310090613,0.0003134325310090724,0.2423363352950637
4,5,0.2423363352950637,-0.10430636918604948,-0.10430636918604946,0.13802996610901425
4,6,0.13802996610901425,0.058896112523320804,0.058896112523320804,0.19692607863233505
4,7,0.19692607863233505,-0.01615311732779079,-0.01615311732779079,0.18077296130454426
4,8,0.18077296130454426,-0.035693632171055256,-0.035693632171055256,0.145079329133489
4,9,0.145079329133489,-0.05954637325563704,-0.05954637325563704,0.08553295587785197
4,10,0.08553295587785197,0.03908477793566654,0.039084777935666545,0.12461773381351851
4,11,0.12461773381351851,-0.04145621683398287,-0.04145621683398287,0.08316151697953564
4,12,0.08316151697953564,-0.1237050242051697,-0.08316151697953564,0.0
4,13,0.0,-0.1145982293638454,0.0,0.0
4,14,0.0,0.13856929936485435,0.13856929936485435,0.13856929936485435
4,15,0.13856929936485435,0.12257420721228211,0.12257420721228213,0.2611435065771365
4,16,0.2611435065771365,0.059912140143224865,0.05991214014322488,0.32105564672036135
4,17,0.32105564672036135,-0.07023901156214413,-0.07023901156214413,0.2508166351582172
4,18,0.2508166351582172,0.14075291320431715,0.14075291320431715,0.3915695483625344
4,19,0.3915695483625344,0.08362527118973838,0.08362527118973839,0.4751948195522728
5,0,0.7584450945794978,-0.015191549356863399,-0.015191549356863399,0.7432535452226344
5,1,0.7432535452226344,-0.06832753144645229,-0.06832753144645232,0.6749260137761821
5,2,0.6749260137761821,-0.12108271135395021,-0.12108271135395021,0.5538433024222319
5,3,0.5538433024222319,0.1207807189631525,0.12078071896315246,0.6746240213853844
5,4,0.6746240213853844,-0.013267113049916679,-0.013267113049916679,0.6613569083354677
5,5,0.6613569083354677,-0.0892909905614309,-0.08929099056143086,0.5720659177740368
5,6,0.5720659177740368,-0.05821301275480425,-0.05821301275480428,0.5138529050192325
5,7,0.5138529050192325,0.02376587068256879,0.023765870682568746,0.5376187757018013
5,8,0.5376187757018013,-0.09696816511823049,-0.09696816511823048,0.4406506105835708
5,9,0.4406506105835708,0.10698428522771265,0.10698428522771264,0.5476348958112834
5,10,0.5476348958112834,0.07755585895056302,0.07755585895056305,0.6251907547618465
5,11,0.6251907547618465,0.06583888678528103,0.06583888678528105,0.6910296415471275
5,12,0.6910296415471275,-0.020372088067468885,-0.02037208806746893,0.6706575534796586
5,13,0.6706575534796586,0.03819265221073296,0.03819265221073298,0.7088502056903916
5,14,0.7088502056903916,0.025229390673820674,0.025229390673820684,0.7340795963642123
5,15,0.7340795963642123,0.044953980466446,0.04495398046644594,0.7790335768306582
5,16,0.7790335768306582,-0.12466670365803327,-0.12466670365803323,0.654366873172625
5,17,0.654366873172625,-0.02525777934881711,-0.025257779348817122,0.6291090938238079
5,18,0.6291090938238079,-0.13751574784143225,-0.13751574784143228,0.4915933459823756
5,19,0.4915933459823756,-0.0018027542266443207,-0.001802754226644332,0.48979059175573125
6,0,0.5649306061663927,-0.10664274334018593,-0.10664274334018592,0.45828786282620676
6,1,0.45828786282620676,-0.1189791096832345,-0.1189791096832345,0.33930875314297226
6,2,0.33930875314297226,0.02629337165331361,0.026293371653313635,0.3656021247962859
6,3,0.3656021247962859,-0.09882210943893417,-0.09882210943893416,0.26678001535735174
6,4,0.26678001535735174,0.12753603551303916,0.12753603551303916,0.3943160508703909
6,5,0.3943160508703909,0.02431834191011849,0.0243183419101185,0.4186343927805094
6,6,0.4186343927805094,-0.04593905863954888,-0.04593905863954889,0.3726953341409605
6,7,0.3726953341409605,0.027274647444425027,0.027274647444425038,0.39996998158538555
6,8,0.39996998158538555,-0.14315883869109075,-0.14315883869109075,0.2568111428942948
6,9,0.2568111428942948,0.1375677639724336,0.1375677639724336,0.3943789068667284
6,10,0.3943789068667284,-0.00530896891712993,-0.0053089689171299526,0.38906993794959843
6,11,0.38906993794959843,0.08482056817508586,0.08482056817508588,0.4738905061246843
6,12,0.4738905061246843,-0.12518100002326843,-0.12518100002326843,0.3487095061014159
6,13,0.3487095061014159,-0.004002500748551896,-0.004002500748551907,0.34470700535286397
6,14,0.34470700535286397,-0.002787901693643724,-0.002787901693643735,0.34191910365922024
6,15,0.34191910365922024,0.13134793649249485,0.13134793649249482,0.47326704015171506
6,16,0.47326704015171506,0.021518415712822613,0.02151841571282259,0.49478545586453765
6,17,0.49478545586453765,-0.007953179682913857,-0.007953179682913869,0.4868322761816238
6,18,0.4868322761816238,-0.06990730107243193,-0.06990730107243193,0.41692497510919185
6,19,0.41692497510919185,-0.05052930079723434,-0.05052930079723433,0.3663956743119575
7,0,0.660336201235769,-0.018326561908485993,-0.018326561908486028,0.6420096393272829
7,1,0.6420096393272829,-0.14351637603590087,-0.14351637603590084,0.4984932632913821
7,2,0.4984932632913821,0.09788757725830734,0.09788757725830732,0.5963808405496894
7,3,0.5963808405496894,0.11884823155193001,0.11884823155193003,0.7152290721016195
7,4,0.7152290721016195,-0.10792527330041676,-0.10792527330041679,0.6073037988012027
7,5,0.6073037988012027,0.01621084306171482,0.01621084306171483,0.6235146418629175
7,6,0.6235146418629175,-0.11742727765936693,-0.11742727765936689,0.5060873642035506
7,7,0.5060873642035506,0.05167202791194351,0.051672027911943474,0.5577593921154941
7,8,0.5577593921154941,-0.0656298648482975,-0.06562986484829747,0.4921295272671966
7,9,0.4921295272671966,0.04782679040757053,0.04782679040757054,0.5399563176747672
7,10,0.5399563176747672,0.06809838428606478,0.06809838428606474,0.6080547019608319
7,11,0.6080547019608319,0.08059424757529711,0.0805942475752971,0.688648949536129
7,12,0.688648949536129,-0.11767771621323103,-0.11767771621323098,0.570971233322898
7,13,0.570971233322898,0.12480355354128236,0.12480355354128236,0.6957747868641804
7,14,0.6957747868641804,-0.08093580273153575,-0.08093580273153578,0.6148389841326446
7,15,0.6148389841326446,-0.13877623314714607,-0.13877623314714604,0.47606275098549855
7,16,0.47606275098549855,0.016455740817445007,0.016455740817444997,0.49251849180294355
7,17,0.49251849180294355,-0.038723314841268376,-0.0387233148412684,0.45379517696167515
7,18,0.45379517696167515,0.09893692293972395,0.098936922939724,0.5527320999013992
7,19,0.5527320999013992,0.09247544161929054,0.09247544161929055,0.6452075415206897
8,0,0.5585694464113578,0.13586981852092347,0.1358698185209235,0.6944392649322813
8,1,0.6944392649322813,-0.0627246485579644,-0.06272464855796445,0.6317146163743168
8,2,0.6317146163743168,0.0045171387695143615,0.004517138769514317,0.6362317551438311
8,3,0.6362317551438311,-0.07321047282971917,-0.07321047282971915,0.563021282314112
8,4,0.563021282314112,0.130813071014689,0.13081307101468898,0.693834353328801
8,5,0.693834353328801,-0.10061765472539455,-0.10061765472539452,0.5932166986034064
8,6,0.5932166986034064,-0.1365268141823013,-0.13652681418230128,0.45668988442110514
8,7,0.45668988442110514,-0.019470881999088616,-0.01947088199908864,0.4372190024220165
8,8,0.4372190024220165,0.1477126692167511,0.14771266921675108,0.5849316716387676
8,9,0.5849316716387676,0.11750317987647418,0.11750317987647418,0.7024348515152418
8,10,0.7024348515152418,0.07458240583708477,0.07458240583708475,0.7770172573523265
8,11,0.7770172573523265,0.11723774726355746,0.1172377472635574,0.8942550046158839
8,12,0.8942550046158839,0.11803399190935895,0.08074499538411606,1.0
8,13,1.0,0.005657508115934717,-0.025000000000000022,1.0
8,14,1.0,-0.0552212844507621,-0.05522128445076213,0.9447787155492379
8,15,0.9447787155492379,0.0816037296332964,0.03022128445076211,1.0
8,16,1.0,0.048498378950328325,-0.025000000000000022,1.0
8,17,1.0,-0.037902681337886976,-0.04395134066894352,0.962097318662113
8,18,0.962097318662113,-0.12165999958154541,-0.12165999958154539,0.8404373190805676
8,19,0.8404373190805676,0.07403688340470779,0.07403688340470782,0.9144742024852754
9,0,0.5312302579614323,0.13104394516013376,0.13104394516013373,0.662274203121566
9,1,0.662274203121566,-0.07770882749829457,-0.07770882749829455,0.5845653756232715
9,2,0.5845653756232715,-0.11317262027655418,-0.11317262027655417,0.4713927553467173
9,3,0.4713927553467173,0.09933380163747184,0.09933380163747185,0.5707265569841892
9,4,0.5707265569841892,-0.10401470501265178,-0.10401470501265175,0.4667118519715374
9,5,0.4667118519715374,-0.09621950755267827,-0.09621950755267827,0.37049234441885914
9,6,0.37049234441885914,0.02981483745625305,0.029814837456253074,0.4003071818751122
9,7,0.4003071818751122,0.11236861225123934,0.11236861225123934,0.5126757941263516
9,8,0.5126757941263516,-0.09106960028562802,-0.09106960028562805,0.4216061938407235
9,9,0.4216061938407235,-0.05690289812997157,-0.05690289812997157,0.36470329571075194
9,10,0.36470329571075194,0.08322145147235327,0.08322145147235327,0.4479247471831052
9,11,0.4479247471831052,0.1415479278182902,0.14154792781829023,0.5894726750013954
9,12,0.5894726750013954,0.0002223558607026943,0.00022235586070273872,0.5896950308620982
9,13,0.5896950308620982,-0.10683074923462477,-0.10683074923462477,0.4828642816274734
9,14,0.4828642816274734,-0.14581911368753953,-0.14581911368753953,0.3370451679399339
9,15,0.3370451679399339,-0.08110319100034342,-0.08110319100034341,0.2559419769395905
9,16,0.2559419769395905,-0.11045333466404368,-0.11045333466404367,0.1454886422755468
9,17,0.1454886422755468,0.05329760208385724,0.053297602083857254,0.19878624435940406
9,18,0.19878624435940406,-0.11345024861144065,-0.11345024861144065,0.08533599574796341
9,19,0.08533599574796341,0.0018989794861899,0.0018989794861899029,0.08723497523415331
10,0,0.7471312178214433,0.024334982766270708,0.024334982766270663,0.771466200587714
10,1,0.771466200587714,-0.0900673045019827,-0.09006730450198275,0.6813988960857312
10,2,0.6813988960857312,0.0912373578546788,0.09123735785467879,0.77263625394041
10,3,0.77263625394041,0.0646221388847405,0.06462213888474044,0.8372583928251505
10,4,0.8372583928251505,0.07169520117466252,0.07169520117466255,0.908953593999813
10,5,0.908953593999813,-0.11068267453280602,-0.110682674532806,0.798270919467007
10,6,0.798270919467007,-0.11287385890489661,-0.11287385890489665,0.6853970605621104
10,7,0.6853970605621104,0.12826876530195228,0.1282687653019523,0.8136658258640627
10,8,0.8136658258640627,-0.030726541852517806,-0.030726541852517775,0.7829392840115449
10,9,0.7829392840115449,-0.059715392465718074,-0.05971539246571811,0.7232238915458268
10,10,0.7232238915458268,-0.0034247863945400026,-0.0034247863945400248,0.7197991051512868
10,11,0.7197991051512868,0.048859263829074726,0.048859263829074684,0.7686583689803614
10,12,0.7686583689803614,0.13668697711409097,0.13668697711409095,0.9053453460944524
10,13,0.9053453460944524,-0.06406613193538349,-0.06406613193538346,0.8412792141590689
10,14,0.8412792141590689,0.12744252879360812,0.1180816573172696,0.9687217429526771
10,15,0.9687217429526771,-0.1425421525841231,-0.14254215258412306,0.826179590368554
10,16,0.826179590368554,0.016559412698047404,0.016559412698047393,0.8427390030666014
10,17,0.8427390030666014,0.040192533504325535,0.0401925335043255,0.8829315365709269
10,18,0.8829315365709269,-0.11823077887477401,-0.11823077887477407,0.7647007576961529
10,19,0.7647007576961529,-0.1078981208808262,-0.10789812088082618,0.6568026368153267
11,0,0.6095571596581519,0.13986957364295452,0.1398695736429545,0.7494267333011064
11,1,0.7494267333011064,0.02881276597031185,0.028812765970311904,0.7782394992714183
11,2,0.7782394992714183,0.12990696648006336,0.1299069664800634,0.9081464657514817
11,3,0.9081464657514817,0.09130827468389122,0.06658090446620474,0.999454740435373
11,4,0.999454740435373,-0.009785519533412545,-0.029620129984392785,0.9896692209019604
11,5,0.9896692209019604,0.08542903477565623,-0.014669220901960434,1.0
11,6,1.0,-0.14464896480690367,-0.1446489648069037,0.8553510351930963
11,7,0.8553510351930963,-0.11725680097027952,-0.11725680097027957,0.7380942342228167
11,8,0.7380942342228167,0.0988285844648209,0.0988285844648209,0.8369228186876376
11,9,0.8369228186876376,0.08904512649754852,0.08904512649754848,0.9259679451851861
11,10,0.9259679451851861,-0.08020777741006989,-0.0802077774100699,0.8457601677751162
11,11,0.8457601677751162,0.009230877179716046,0.009230877179716046,0.8549910449548322
11,12,0.8549910449548322,0.031804746210003274,0.03180474621000329,0.8867957911648355
11,13,0.8867957911648355,0.11032168613280335,0.08676294748398389,0.9971174772976389
11,14,0.9971174772976389,0.0309321472016177,-0.02211747729763891,1.0
11,15,1.0,-0.0262285292178959,-0.038114264608947956,0.9737714707821041
11,16,0.9737714707821041,-0.03774478697784519,-0.037744786977845224,0.9360266838042589
11,17,0.9360266838042589,-0.022235374087947034,-0.02223537408794707,0.9137913097163118
11,18,0.9137913097163118,0.04557930767399225,0.04089399897884016,0.959370617390304
11,19,0.959370617390304,0.11024718952569747,0.01562938260969593,1.0
12,0,0.6269484410381498,-0.07564813111459257,-0.07564813111459257,0.5513003099235573
12,1,0.5513003099235573,-0.07900129110072565,-0.07900129110072562,0.47229901882283165
12,2,0.47229901882283165,0.07380428407303392,0.07380428407303397,0.5461033028958656
12,3,0.5461033028958656,0.09497062902717311,0.09497062902717313,0.6410739319230387
12,4,0.6410739319230387,-0.1184165760437625,-0.11841657604376254,0.5226573558792762
12,5,0.5226573558792762,-0.13003234291344654,-0.13003234291344656,0.39262501296582963
12,6,0.39262501296582963,0.028330099126935536,0.028330099126935515,0.42095511209276515
12,7,0.42095511209276515,-0.10614802674219051,-0.10614802674219048,0.31480708535057467
12,8,0.31480708535057467,0.0973992571369024,0.0973992571369024,0.41220634248747706
12,9,0.41220634248747706,-0.05689959782277767,-0.05689959782277765,0.3553067446646994
12,10,0.3553067446646994,-0.1068384201086572,-0.10683842010865718,0.24846832455604223
12,11,0.24846832455604223,0.12629114174623507,0.12629114174623507,0.3747594663022773
12,12,0.3747594663022773,-0.10034048317941655,-0.10034048317941657,0.2744189831228607
12,13,0.2744189831228607,-0.06458397529861933,-0.06458397529861931,0.20983500782424142
12,14,0.20983500782424142,-0.10391598144238241,-0.10391598144238241,0.105919026381859
12,15,0.105919026381859,-0.1153529809003935,-0.105919026381859,0.0
12,16,0.0,-0.14365559509906797,0.0,0.0
12,17,0.0,-0.13338137725072197,0.0,0.0
12,18,0.0,-0.09760755871924419,0.0,0.0
12,19,0.0,-0.13398542021184737,0.0,0.0
13,0,0.6955719080554856,0.05421435803985192,0.05421435803985197,0.7497862660953376
13,1,0.7497862660953376,-0.03191086295039153,-0.03191086295039147,0.7178754031449461
13,2,0.7178754031449461,-0.05460267091438518,-0.0546026709143852,0.6632727322305609
13,3,0.6632727322305609,0.0013578711066690285,0.001357871106669073,0.66463060333723
13,4,0.66463060333723,0.11250148267038257,0.11250148267038251,0.7771320860076125
13,5,0.7771320860076125,0.1053394880466618,0.10533948804666182,0.8824715740542743
13,6,0.8824715740542743,-0.1369574813961624,-0.13695748139616237,0.745514092658112
13,7,0.745514092658112,-0.09555047712104277,-0.09555047712104281,0.6499636155370692
13,8,0.6499636155370692,-0.07897653866868119,-0.07897653866868115,0.570987076868388
13,9,0.570987076868388,-0.07518372725033645,-0.07518372725033645,0.49580334961805156
13,10,0.49580334961805156,0.021369795522831813,0.021369795522831858,0.5171731451408834
13,11,0.5171731451408834,-0.025121272289042318,-0.025121272289042318,0.4920518728518411
13,12,0.4920518728518411,-0.1352237640217218,-0.13522376402172182,0.3568281088301193
13,13,0.3568281088301193,-0.037915758462128524,-0.037915758462128524,0.31891235036799076
13,14,0.31891235036799076,0.007125884615291167,0.007125884615291178,0.32603823498328194
13,15,0.32603823498328194,-0.1194984291288852,-0.1194984291288852,0.20653980585439674
13,16,0.20653980585439674,0.1000375661365679,0.10003756613656789,0.30657737199096463
13,17,0.30657737199096463,-0.1344114400604687,-0.1344114400604687,0.17216593193049592
13,18,0.17216593193049592,0.12745256070541863,0.12745256070541863,0.29961849263591456
13,19,0.29961849263591456,-0.12026605752603735,-0.12026605752603736,0.1793524351098772
14,0,0.8217874757988763,0.12079594317828513,0.12079594317828513,0.9425834189771615
14,1,0.9425834189771615,0.1438712041759778,0.03241658102283851,1.0
14,2,1.0,0.09060776408207806,-0.025000000000000022,1.0
14,3,1.0,0.08384326223139867,-0.025000000000000022,1.0
14,4,1.0,0.042744982798664295,-0.025000000000000022,1.0
14,5,1.0,0.0836989063734387,-0.025000000000000022,1.0
14,6,1.0,-0.10963433747605587,-0.10963433747605589,0.8903656625239441
14,7,0.8903656625239441,0.01082041078429119,0.01082041078429119,0.9011860733082353
14,8,0.9011860733082353,0.004266861057124338,0.0042668610571243715,0.9054529343653597
14,9,0.9054529343653597,0.10727164323676726,0.0695470656346403,1.0
14,10,1.0,-0.01116019032194524,-0.030580095160972653,0.9888398096780547
14,11,0.9888398096780547,-0.034473151169893954,-0.03665648042397435,0.9543666585081608
14,12,0.9543666585081608,0.04186898137113303,0.018751161431486085,0.9962356398792939
14,13,0.9962356398792939,-0.07006100474974618,-0.07006100474974619,0.9261746351295477
14,14,0.9261746351295477,-0.10806947671381294,-0.10806947671381295,0.8181051584157347
14,15,0.8181051584157347,-0.006636817792876259,-0.006636817792876282,0.8114683406228584
14,16,0.8114683406228584,-0.024933189421534496,-0.024933189421534552,0.7865351512013239
14,17,0.7865351512013239,-0.08022901784133789,-0.08022901784133785,0.706306133359986
14,18,0.706306133359986,-0.03974645696546159,-0.03974645696546164,0.6665596763945244
14,19,0.6665596763945244,-0.040082265052125775,-0.040082265052125754,0.6264774113423986
15,0,0.5637477822062728,-0.03616077608192131,-0.03616077608192125,0.5275870061243515
15,1,0.5275870061243515,0.05572300363678362,0.05572300363678362,0.5833100097611351
15,2,0.5833100097611351,-0.060937057628614406,-0.060937057628614455,0.5223729521325207
15,3,0.5223729521325207,0.13465737801460212,0.1346573780146021,0.6570303301471228
15,4,0.6570303301471228,0.12490440586145336,0.12490440586145335,0.7819347360085761
15,5,0.7819347360085761,-0.005726871509976428,-0.005726871509976417,0.7762078644985997
15,6,0.7762078644985997,-0.05149163849859336,-0.051491638498593395,0.7247162260000063
15,7,0.7247162260000063,0.010630436949000942,0.010630436949000899,0.7353466629490072
15,8,0.7353466629490072,0.10456814663208737,0.10456814663208736,0.8399148095810945
15,9,0.8399148095810945,0.04577620216803061,0.04577620216803058,0.8856910117491251
15,10,0.8856910117491251,0.09131754838412322,0.07781326831749902,0.9770085601332483
15,11,0.9770085601332483,0.009816682819722056,-0.008595938656763169,0.9868252429529704
15,12,0.9868252429529704,0.03987528878028622,-0.011825242952970383,1.0
15,13,1.0,-0.06355331574526148,-0.06355331574526146,0.9364466842547385
15,14,0.9364466842547385,0.07046794869308723,0.03855331574526144,1.0
15,15,1.0,-0.0892786220622845,-0.08927862206228454,0.9107213779377155
15,16,0.9107213779377155,0.058439438645549464,0.04885903035391698,0.9691608165832649
15,17,0.9691608165832649,0.10821572049776822,0.005839183416735061,1.0
15,18,1.0,-0.11036914880953681,-0.11036914880953685,0.8896308511904631
15,19,0.8896308511904631,0.034313922162575936,0.034313922162575894,0.923944773353039
16,0,0.4475478741149673,0.06771468848142806,0.06771468848142803,0.5152625625963954
16,1,0.5152625625963954,-0.12465203435294392,-0.12465203435294392,0.39061052824345144
16,2,0.39061052824345144,0.13078194681018782,0.13078194681018784,0.5213924750536393
16,3,0.5213924750536393,-0.10877762098865935,-0.10877762098865934,0.41261485406497994
16,4,0.41261485406497994,0.1376640737727241,0.1376640737727241,0.550278927837704
16,5,0.550278927837704,0.090265252825529,0.090265252825529,0.640544180663233
16,6,0.640544180663233,0.02810460133990623,0.02810460133990622,0.6686487820031393
16,7,0.6686487820031393,0.08478723138886407,0.08478723138886402,0.7534360133920033
16,8,0.7534360133920033,0.08853445169492576,0.0885344516949258,0.8419704650869291
16,9,0.8419704650869291,0.13380811884519908,0.12091882687913497,0.9757785839321281
16,10,0.9757785839321281,-0.07398499384824384,-0.07398499384824386,0.9017935900838843
16,11,0.9017935900838843,0.027022768607492753,0.027022768607492753,0.928816358691377
16,12,0.928816358691377,-0.12148524073067962,-0.12148524073067957,0.8073311179606975
16,13,0.8073311179606975,0.03484971000723639,0.034849710007236356,0.8421808279679338
16,14,0.8421808279679338,-0.09861260877216335,-0.09861260877216338,0.7435682191957704
16,15,0.7435682191957704,0.019485183441732556,0.019485183441732556,0.763053402637503
16,16,0.763053402637503,0.02172915421015491,0.021729154210154866,0.7847825568476579
16,17,0.7847825568476579,-0.010204454105631798,-0.010204454105631755,0.7745781027420261
16,18,0.7745781027420261,0.006789532653936836,0.006789532653936781,0.7813676353959629
16,19,0.7813676353959629,0.07917701700197638,0.07917701700197632,0.8605446523979392
17,0,0.7996223582560333,-0.002354035327371262,-0.002354035327371218,0.7972683229286621
17,1,0.7972683229286621,0.029878032456783686,0.029878032456783665,0.8271463553854458
17,2,0.8271463553854458,0.12937087070703054,0.12611225766079237,0.9565172260924764
17,3,0.9565172260924764,-0.11407992344966315,-0.11407992344966311,0.8424373026428132
17,4,0.8424373026428132,-0.11486893022996685,-0.1148689302299668,0.7275683724128464
17,5,0.7275683724128464,-0.12368729642676947,-0.12368729642676946,0.603881075986077
17,6,0.603881075986077,0.04735898551215834,0.047358985512158336,0.6512400614982353
17,7,0.6512400614982353,-0.024417509762886157,-0.024417509762886147,0.6268225517353492
17,8,0.6268225517353492,0.08229642484255296,0.08229642484255295,0.7091189765779021
17,9,0.7091189765779021,0.051369423992577774,0.05136942399257782,0.76048840057048
17,10,0.76048840057048,-0.04990867250152855,-0.04990867250152853,0.7105797280689514
17,11,0.7105797280689514,0.11950996420846072,0.11950996420846072,0.8300896922774121
17,12,0.8300896922774121,0.0787596441211957,0.07875964412119574,0.9088493363986079
17,13,0.9088493363986079,-0.06883951772694728,-0.0688395177269473,0.8400098186716606
17,14,0.8400098186716606,-0.040742394668383794,-0.04074239466838381,0.7992674240032768
17,15,0.7992674240032768,-0.05566800593872113,-0.05566800593872112,0.7435994180645557
17,16,0.7435994180645557,-0.1027165054125001,-0.1027165054125001,0.6408829126520555
17,17,0.6408829126520555,-0.10566498823734251,-0.1056649882373425,0.535217924414713
17,18,0.535217924414713,0.1308382390127232,0.13083823901272318,0.6660561634274362
17,19,0.6660561634274362,-0.01862878884037402,-0.018628788840374,0.6474273745870622
18,0,0.5916599113887049,0.06890571260321338,0.06890571260321332,0.6605656239919182
18,1,0.6605656239919182,0.015897919575869977,0.015897919575869945,0.6764635435677882
18,2,0.6764635435677882,0.13084199605153865,0.13084199605153868,0.8073055396193268
18,3,0.8073055396193268,0.08409044817281765,0.08409044817281763,0.8913959877921445
18,4,0.8913959877921445,-0.006189130762637896,-0.00618913076263794,0.8852068570295065
18,5,0.8852068570295065,-0.03709215795575214,-0.03709215795575216,0.8481146990737544
18,6,0.8481146990737544,0.1459894634772966,0.12393738220177108,0.9941041625510509
18,7,0.9941041625510509,0.06532807080109304,-0.019104162551050963,1.0
18,8,1.0,0.13535839800115232,-0.025000000000000022,1.0
18,9,1.0,-0.11445642683488759,-0.11445642683488755,0.8855435731651125
18,10,0.8855435731651125,0.10516010375723478,0.08480826529606111,0.9907036769223472
18,11,0.9907036769223472,0.04112216519736227,-0.0157036769223472,1.0
18,12,1.0,-0.11342349649946622,-0.11342349649946626,0.8865765035005337
18,13,0.8865765035005337,0.026477399990766204,0.02647739999076615,0.9130539034912999
18,14,0.9130539034912999,0.05582890953163464,0.046387503020167364,0.9688828130229346
18,15,0.9688828130229346,-0.14630919423341915,-0.14630919423341915,0.8225736187895154
18,16,0.8225736187895154,-0.013704611447476034,-0.013704611447476034,0.8088690073420394
18,17,0.8088690073420394,0.09761985335889635,0.09761985335889634,0.9064888607009357
18,18,0.9064888607009357,-0.06139229239677304,-0.06139229239677302,0.8450965683041627
18,19,0.8450965683041627,-0.012435575460434667,-0.012435575460434611,0.8326609928437281
19,0,0.6211570635339466,-0.05942178256725252,-0.0594217825672525,0.5617352809666941
19,1,0.5617352809666941,0.12553256865466625,0.12553256865466622,0.6872678496213603
19,2,0.6872678496213603,0.08438821062945476,0.08438821062945479,0.7716560602508151
19,3,0.7716560602508151,-0.11682347670116684,-0.11682347670116688,0.6548325835496482
19,4,0.6548325835496482,0.1491103973512719,0.14911039735127196,0.8039429809009202
19,5,0.8039429809009202,0.11376000729232356,0.1137600072923236,0.9177029881932438
19,6,0.9177029881932438,-0.06482746864078831,-0.06482746864078825,0.8528755195524556
19,7,0.8528755195524556,0.10106897389828147,0.09909672717291296,0.9539444934507371
19,8,0.9539444934507371,-0.11807414043858513,-0.1180741404385851,0.835870353012152
19,9,0.835870353012152,0.1497314191422716,0.1319305330650598,0.9856017721544236
19,10,0.9856017721544236,0.04970542083196106,-0.010601772154423594,1.0
19,11,1.0,0.045037504667639096,-0.025000000000000022,1.0
19,12,1.0,-0.12286778190476016,-0.12286778190476011,0.8771322180952399
19,13,0.8771322180952399,0.11911001966898757,0.09598890078687383,0.9962422377642275
19,14,0.9962422377642275,-0.14130014903865917,-0.14130014903865917,0.8549420887255683
19,15,0.8549420887255683,-0.07775158258765588,-0.07775158258765591,0.7771905061379124
19,16,0.7771905061379124,-0.1070934374500095,-0.10709343745000954,0.6700970686879029
19,17,0.6700970686879029,0.08303038220766557,0.08303038220766557,0.7531274508955684
19,18,0.7531274508955684,-0.09053873183613063,-0.09053873183613059,0.6625887190594378
19,19,0.6625887190594378,0.12319146813926557,0.12319146813926551,0.7857801871987034
20,0,0.7281345196637451,-0.13915118685159114,-0.1391511868515911,0.588983332812154
20,1,0.588983332812154,-0.14837104976138984,-0.14837104976138982,0.44061228305076416
20,2,0.44061228305076416,-0.13450262489568032,-0.13450262489568032,0.30610965815508384
20,3,0.30610965815508384,0.031777553294318306,0.031777553294318306,0.33788721144940215
20,4,0.33788721144940215,0.09044454325782458,0.09044454325782458,0.42833175470722673
20,5,0.42833175470722673,-0.07843415381178345,-0.07843415381178342,0.3498976008954433
20,6,0.3498976008954433,0.10482265287692188,0.10482265287692188,0.4547202537723652
20,7,0.4547202537723652,-0.13283041795402187,-0.1328304179540219,0.3218898358183433
20,8,0.3218898358183433,0.09028915609250286,0.09028915609250288,0.41217899191084617
20,9,0.41217899191084617,0.1283386290516841,0.12833862905168414,0.5405176209625303
20,10,0.5405176209625303,0.08163251973131416,0.08163251973131413,0.6221501406938444
20,11,0.6221501406938444,0.059436235193591154,0.0594362351935912,0.6815863758874356
20,12,0.6815863758874356,0.10139406559661492,0.1013940655966149,0.7829804414840505
20,13,0.7829804414840505,-0.13795461013588006,-0.13795461013588006,0.6450258313481705
20,14,0.6450258313481705,-0.08946536678428338,-0.0894653667842834,0.5555604645638871
20,15,0.5555604645638871,-0.11252289620830708,-0.11252289620830708,0.44303756835558
20,16,0.44303756835558,0.0013592970578959584,0.0013592970578959473,0.44439686541347595
20,17,0.44439686541347595,0.07355643849865336,0.0735564384986534,0.5179533039121293
20,18,0.5179533039121293,0.03900355337291961,0.03900355337291961,0.556956857285049
20,19,0.556956857285049,0.1053393299285805,0.10533932992858053,0.6622961872136295
21,0,0.47760649622054546,0.07038632758054847,0.07038632758054847,0.5479928238010939
21,1,0.5479928238010939,-0.09208755273932877,-0.09208755273932878,0.45590527106176515
21,2,0.45590527106176515,-0.06877237460465992,-0.0687723746046599,0.38713289645710525
21,3,0.38713289645710525,0.06297140918439116,0.06297140918439115,0.4501043056414964
21,4,0.4501043056414964,0.14406143546960454,0.1440614354696046,0.594165741111101
21,5,0.594165741111101,0.03346308179312087,0.03346308179312085,0.6276288229042218
21,6,0.6276288229042218,-0.13364990550261133,-0.13364990550261135,0.4939789174016105
21,7,0.4939789174016105,0.034892690978259845,0.034892690978259866,0.5288716083798704
21,8,0.5288716083798704,-0.13729483452594987,-0.13729483452594987,0.3915767738539205
21,9,0.3915767738539205,0.11524371341004515,0.11524371341004519,0.5068204872639657
21,10,0.5068204872639657,0.06287348553018621,0.06287348553018623,0.5696939727941519
21,11,0.5696939727941519,-0.09806164607324903,-0.09806164607324902,0.4716323267209029
21,12,0.4716323267209029,-0.12248369825274058,-0.12248369825274058,0.3491486284681623
21,13,0.3491486284681623,-0.0949400313359043,-0.09494003133590428,0.254208597132258
21,14,0.254208597132258,0.14400815386625773,0.1440081538662577,0.3982167509985157
21,15,0.3982167509985157,-0.012431807262453054,-0.012431807262453076,0.38578494373606265
21,16,0.38578494373606265,0.08522428450242238,0.08522428450242236,0.471009228238485
21,17,0.471009228238485,0.04092250263233305,0.0409225026323331,0.5119317308708181
21,18,0.5119317308708181,0.021723944987591202,0.021723944987591226,0.5336556758584093
21,19,0.5336556758584093,-0.10646092360048509,-0.10646092360048509,0.42719475225792425
22,0,0.8730122267790476,-0.05959721024558462,-0.05959721024558462,0.8134150165334629
22,1,0.8134150165334629,0.02340516474226265,0.02340516474226262,0.8368201812757255
22,2,0.8368201812757255,0.05993278337671983,0.05993278337671981,0.8967529646524454
22,3,0.8967529646524454,0.044769946573592664,0.04476994657359268,0.941522911226038
22,4,0.941522911226038,0.13217832290865553,0.03347708877396194,1.0
22,5,1.0,-0.10546830302398259,-0.10546830302398258,0.8945316969760174
22,6,0.8945316969760174,0.0025058215340826194,0.0025058215340826306,0.8970375185101
22,7,0.8970375185101,-0.028789682777770206,-0.028789682777770165,0.8682478357323299
22,8,0.8682478357323299,-0.007749381155214563,-0.0077493811552146186,0.8604984545771153
22,9,0.8604984545771153,-0.11423474214067661,-0.11423474214067664,0.7462637124364386
22,10,0.7462637124364386,-0.1097716170381704,-0.1097716170381704,0.6364920953982682
22,11,0.6364920953982682,-0.06657733626562279,-0.06657733626562279,0.5699147591326454
22,12,0.5699147591326454,-0.058588618871750604,-0.0585886188717506,0.5113261402608948
22,13,0.5113261402608948,-0.021629035895595006,-0.021629035895595006,0.48969710436529984
22,14,0.48969710436529984,0.03329626411098848,0.03329626411098846,0.5229933684762883
22,15,0.5229933684762883,0.0403887352254789,0.04038873522547892,0.5633821037017672
22,16,0.5633821037017672,-0.02645673102432893,-0.026456731024328883,0.5369253726774383
22,17,0.5369253726774383,-0.027365067171390867,-0.027365067171390867,0.5095603055060475
22,18,0.5095603055060475,-0.0847114419909114,-0.0847114419909114,0.42484886351513607
22,19,0.42484886351513607,0.026491874522702474,0.026491874522702463,0.45134073803783853
23,0,0.558520455658619,-0.13918204971679088,-0.13918204971679088,0.4193384059418281
23,1,0.4193384059418281,-0.024479986752941885,-0.024479986752941885,0.3948584191888862
23,2,0.3948584191888862,-0.007760197472948904,-0.0077601974729489265,0.3870982217159373
23,3,0.3870982217159373,-0.0823221395387367,-0.08232213953873668,0.3047760821772006
23,4,0.3047760821772006,0.021737379936634705,0.021737379936634715,0.3265134621138353
23,5,0.3265134621138353,0.01973157012957628,0.01973157012957627,0.3462450322434116
23,6,0.3462450322434116,0.06060065433311141,0.0606006543331114,0.406845686576523
23,7,0.406845686576523,0.04438454466036301,0.04438454466036301,0.451230231236886
23,8,0.451230231236886,0.045729916956309465,0.04572991695630946,0.49696014819319545
23,9,0.49696014819319545,-0.05513575445278707,-0.05513575445278707,0.4418243937404084
23,10,0.4418243937404084,0.08622966659578615,0.08622966659578613,0.5280540603361945
23,11,0.5280540603361945,0.014743315079903828,0.014743315079903785,0.5427973754160983
23,12,0.5427973754160983,-0.020574541446032966,-0.02057454144603299,0.5222228339700653
23,13,0.5222228339700653,0.03780374428231713,0.03780374428231714,0.5600265782523824
23,14,0.5600265782523824,-0.041802799664923715,-0.04180279966492373,0.5182237785874587
23,15,0.5182237785874587,0.003821773382027471,0.0038217733820274935,0.5220455519694862
23,16,0.5220455519694862,0.07101170654466608,0.07101170654466604,0.5930572585141523
23,17,0.5930572585141523,0.11592086601711231,0.11592086601711227,0.7089781245312645
23,18,0.7089781245312645,0.1263171591885575,0.12631715918855746,0.835295283719822
23,19,0.835295283719822,0.0010898775549297633,0.0010898775549297302,0.8363851612747517
24,0,0.6601375573702846,0.08996112322915094,0.08996112322915095,0.7500986805994355
24,1,0.7500986805994355,-0.05566479247673962,-0.05566479247673961,0.6944338881226959
24,2,0.6944338881226959,0.10121470870352058,0.10121470870352056,0.7956485968262165
24,3,0.7956485968262165,-0.0017575060447729718,-0.0017575060447729829,0.7938910907814435
24,4,0.7938910907814435,-0.11524298269941947,-0.11524298269941946,0.678648108082024
24,5,0.678648108082024,-0.12838225587811689,-0.1283822558781169,0.5502658522039071
24,6,0.5502658522039071,0.10259796331183893,0.1025979633118389,0.652863815515746
24,7,0.652863815515746,-0.13332962492793662,-0.13332962492793665,0.5195341905878094
24,8,0.5195341905878094,-0.06581656915990322,-0.0658165691599032,0.45371762142790617
24,9,0.45371762142790617,-0.04976098784953625,-0.04976098784953625,0.4039566335783699
24,10,0.4039566335783699,-0.09810166644252186,-0.09810166644252188,0.30585496713584803
24,11,0.30585496713584803,-0.05583198905940323,-0.05583198905940323,0.2500229780764448
24,12,0.2500229780764448,0.0728077700175257,0.0728077700175257,0.3228307480939705
24,13,0.3228307480939705,-0.14559514693197875,-0.14559514693197875,0.17723560116199175
24,14,0.17723560116199175,0.09815202735620593,0.0981520273562059,0.27538762851819765
24,15,0.27538762851819765,0.10696440707236744,0.10696440707236743,0.3823520355905651
24,16,0.3823520355905651,-0.038321528042535545,-0.038321528042535524,0.34403050754802955
24,17,0.34403050754802955,-0.10391613028180956,-0.10391613028180957,0.24011437726621998
24,18,0.24011437726621998,0.03025212238352426,0.03025212238352426,0.27036649964974424
24,19,0.27036649964974424,-0.1140982332405317,-0.1140982332405317,0.15626826640921254
25,0,0.5824596805391262,0.1375287542702917,0.13752875427029165,0.7199884348094179
25,1,0.7199884348094179,0.14863934177509114,0.14863934177509108,0.868627776584509
25,2,0.868627776584509,0.08163146740637568,0.08150184541093336,0.9502592439908847
25,3,0.9502592439908847,-0.05671154702377013,-0.056711547023770126,0.8935476969671146
25,4,0.8935476969671146,0.05629951474982775,0.05629951474982775,0.9498472117169423
25,5,0.9498472117169423,0.06162190964520381,0.02515278828305767,1.0
25,6,1.0,-0.03364749145090507,-0.041823745725452555,0.9663525085490949
25,7,0.9663525085490949,0.042266590375847825,0.008647491450905043,1.0
25,8,1.0,-0.14678170650729713,-0.14678170650729716,0.8532182934927028
25,9,0.8532182934927028,-0.08728270241932756,-0.08728270241932756,0.7659355910733753
25,10,0.7659355910733753,0.00752649089017835,0.007526490890178317,0.7734620819635536
25,11,0.7734620819635536,-0.10087460872251124,-0.1008746087225112,0.6725874732410424
25,12,0.6725874732410424,-0.10022793963703991,-0.10022793963703991,0.5723595336040025
25,13,0.5723595336040025,0.10089128716507137,0.10089128716507134,0.6732508207690738
25,14,0.6732508207690738,0.14673990080508165,0.1467399008050817,0.8199907215741555
25,15,0.8199907215741555,0.01679082840853452,0.01679082840853452,0.83678154998269
25,16,0.83678154998269,0.10172091926451403,0.10172091926451399,0.938502469247204
25,17,0.938502469247204,0.14709649929788177,0.03649753075279594,1.0
25,18,1.0,-0.10752123342936759,-0.10752123342936759,0.8924787665706324
25,19,0.8924787665706324,-0.015526316023694675,-0.015526316023694697,0.8769524505469377
26,0,0.59628635792096,-0.12598521490614448,-0.12598521490614445,0.4703011430148155
26,1,0.4703011430148155,0.07659905183842333,0.0765990518384233,0.5469001948532388
26,2,0.5469001948532388,-0.0198662918032221,-0.01986629180322208,0.5270339030500167
26,3,0.5270339030500167,-0.009201919742879617,-0.00920191974287965,0.5178319833071371
26,4,0.5178319833071371,-0.10479810785602794,-0.10479810785602794,0.41303387545110914
26,5,0.41303387545110914,-0.09572200433073956,-0.09572200433073957,0.31731187112036957
26,6,0.31731187112036957,0.12213108664686449,0.1221310866468645,0.4394429577672341
26,7,0.4394429577672341,-0.13660527330771632,-0.13660527330771632,0.30283768445951775
26,8,0.30283768445951775,-0.08014431451688812,-0.08014431451688814,0.22269336994262962
26,9,0.22269336994262962,-0.06238220090564149,-0.062382200905641505,0.1603111690369881
26,10,0.1603111690369881,-0.002940737279524075,-0.0029407372795240694,0.15737043175746404
26,11,0.15737043175746404,0.025933551904438776,0.025933551904438773,0.18330398366190281
26,12,0.18330398366190281,-0.0020130072448000247,-0.0020130072448000247,0.1812909764171028
26,13,0.1812909764171028,-0.12476539963293538,-0.12476539963293538,0.056525576784167406
26,14,0.056525576784167406,-0.07689976378328593,-0.056525576784167406,0.0
26,15,0.0,0.10307651542876235,0.10307651542876235,0.10307651542876235
26,16,0.10307651542876235,0.041276610143537715,0.041276610143537715,0.14435312557230007
26,17,0.14435312557230007,0.04474471504028231,0.044744715040282323,0.1890978406125824
26,18,0.1890978406125824,0.05106097660540648,0.05106097660540648,0.24015881721798887
26,19,0.24015881721798887,0.07887090571185872,0.07887090571185873,0.3190297229298476
27,0,0.4290542408607237,-0.040017484520216286,-0.04001748452021631,0.3890367563405074
27,1,0.3890367563405074,0.011858230578503604,0.011858230578503604,0.400894986919011
27,2,0.400894986919011,-0.04846305501080219,-0.04846305501080217,0.3524319319082088
27,3,0.3524319319082088,0.10334366198615595,0.10334366198615597,0.4557755938943648
27,4,0.4557755938943648,-0.005228247423811816,-0.005228247423811838,0.45054734647055295
27,5,0.45054734647055295,0.08058827683781374,0.08058827683781378,0.5311356233083667
27,6,0.5311356233083667,0.10560465506435071,0.10560465506435068,0.6367402783727174
27,7,0.6367402783727174,0.0014374448710494203,0.0014374448710494647,0.6381777232437669
27,8,0.6381777232437669,0.12286567316140497,0.12286567316140495,0.7610433964051718
27,9,0.7610433964051718,0.026137182161094175,0.026137182161094175,0.787180578566266
27,10,0.787180578566266,0.10508228965011653,0.10508228965011657,0.8922628682163826
27,11,0.8922628682163826,-0.04782276132254271,-0.047822761322542706,0.8444401068938399
27,12,0.8444401068938399,-0.00035491244055443346,-0.0003549124405544113,0.8440851944532854
27,13,0.8440851944532854,0.00942331230137331,0.009423312301373277,0.8535085067546587
27,14,0.8535085067546587,-0.11850608523117882,-0.11850608523117878,0.7350024215234799
27,15,0.7350024215234799,-0.03043424798953781,-0.030434247989537755,0.7045681735339422
27,16,0.7045681735339422,0.12520130176550281,0.12520130176550281,0.829769475299445
27,17,0.829769475299445,0.03924967210942271,0.03924967210942276,0.8690191474088678
27,18,0.8690191474088678,-0.09674802526890976,-0.0967480252689098,0.772271122139958
27,19,0.772271122139958,-0.048343309317118506,-0.0483433093171185,0.7239278128228395
28,0,0.49580150483134994,-0.14255306046042823,-0.1425530604604282,0.35324844437092173
28,1,0.35324844437092173,0.128238137551208,0.128238137551208,0.48148658192212973
28,2,0.48148658192212973,-0.015537801522938554,-0.015537801522938544,0.4659487803991912
28,3,0.4659487803991912,-0.057739478273764154,-0.05773947827376413,0.40820930212542705
28,4,0.40820930212542705,0.029543157467320977,0.029543157467321002,0.43775245959274806
28,5,0.43775245959274806,-0.1478056631120953,-0.1478056631120953,0.28994679648065275
28,6,0.28994679648065275,-0.06659336801975585,-0.06659336801975585,0.2233534284608969
28,7,0.2233534284608969,0.06091003970966777,0.060910039709667796,0.2842634681705647
28,8,0.2842634681705647,0.040130931920778885,0.04013093192077888,0.32439440009134357
28,9,0.32439440009134357,0.14454178426276063,0.14454178426276065,0.4689361843541042
28,10,0.4689361843541042,0.03610731289741321,0.0361073128974132,0.5050434972515174
28,11,0.5050434972515174,-0.006748237911680166,-0.006748237911680166,0.49829525933983726
28,12,0.49829525933983726,0.07842976895520229,0.07842976895520232,0.5767250282950396
28,13,0.5767250282950396,0.12099836158921591,0.12099836158921595,0.6977233898842555
28,14,0.6977233898842555,0.06620878401550546,0.06620878401550545,0.763932173899761
28,15,0.763932173899761,0.13896336706481388,0.13896336706481394,0.9028955409645749
28,16,0.9028955409645749,0.08460155122145316,0.06585300512843911,0.9874970921860281
28,17,0.9874970921860281,0.11004043147857794,-0.012497092186028125,1.0
28,18,1.0,-0.11576877864490884,-0.11576877864490887,0.8842312213550911
28,19,0.8842312213550911,0.06972405089813631,0.06774641477152255,0.9539552722532274
29,0,0.6200443497636843,0.015931140723382562,0.01593114072338253,0.6359754904870668
29,1,0.6359754904870668,0.04623072284470703,0.046230722844707084,0.6822062133317739
29,2,0.6822062133317739,0.1409445350116708,0.1409445350116708,0.8231507483434447
29,3,0.8231507483434447,0.1453734244294874,0.13611133804302133,0.9685241727729321
29,4,0.9685241727729321,-0.06353152635362842,-0.06353152635362846,0.9049926464193037
29,5,0.9049926464193037,0.07012604923137485,0.05756670140603559,0.9751186956506785
29,6,0.9751186956506785,0.07499506138058058,-0.00011869565067856858,1.0
29,7,1.0,-0.04605214160608536,-0.04802607080304272,0.9539478583939146
29,8,0.9539478583939146,-0.1128390675407337,-0.1128390675407337,0.8411087908531809
29,9,0.8411087908531809,-0.13771591191428406,-0.13771591191428412,0.7033928789388968
29,10,0.7033928789388968,0.08320293825875356,0.08320293825875358,0.7865958171976504
29,11,0.7865958171976504,-0.0030900774549282306,-0.003090077454928286,0.7835057397427221
29,12,0.7835057397427221,0.14566205084847786,0.14566205084847783,0.9291677905911999
29,13,0.9291677905911999,-0.010507963141904086,-0.010507963141904053,0.9186598274492959
29,14,0.9186598274492959,0.14337509372215207,0.056340172550704115,1.0
29,15,1.0,-0.026527199341782038,-0.038263599670891046,0.973472800658218
29,16,0.973472800658218,0.08810464516799178,0.0015271993417820262,1.0
29,17,1.0,-0.12455421830645037,-0.12455421830645041,0.8754457816935496
29,18,0.8754457816935496,0.016638513041329173,0.016638513041329128,0.8920842947348787
29,19,0.8920842947348787,0.09061793609571726,0.07426682068041923,0.9827022308305959
30,0,0.8623508336099444,0.09677492718522948,0.09221204678764255,0.9591257607951739
30,1,0.9591257607951739,-0.13890878183964772,-0.13890878183964772,0.8202169789555261
30,2,0.8202169789555261,-0.03818929760797974,-0.03818929760797973,0.7820276813475464
30,3,0.7820276813475464,-0.13539045830584462,-0.13539045830584462,0.6466372230417018
30,4,0.6466372230417018,-0.11721531266563259,-0.11721531266563257,0.5294219103760692
30,5,0.5294219103760692,0.05259168860024523,0.05259168860024521,0.5820135989763144
30,6,0.5820135989763144,0.06397745889350945,0.06397745889350948,0.6459910578698239
30,7,0.6459910578698239,0.08211620482548788,0.08211620482548787,0.7281072626953118
30,8,0.7281072626953118,0.10963696441669886,0.1096369644166989,0.8377442271120107
30,9,0.8377442271120107,0.07182944054295295,0.07182944054295293,0.9095736676549636
30,10,0.9095736676549636,0.09026147763198962,0.065343904988513,0.9998351452869533
30,11,0.9998351452869533,-0.13531088705301622,-0.1353108870530162,0.8645242582339371
30,12,0.8645242582339371,-0.07963945486761043,-0.07963945486761037,0.7848848033663267
30,13,0.7848848033663267,0.03656933201257373,0.03656933201257373,0.8214541353789004
30,14,0.8214541353789004,0.10743759138744695,0.1074375913874469,0.9288917267663473
30,15,0.9288917267663473,-0.14864996251810225,-0.14864996251810225,0.7802417642482451
30,16,0.7802417642482451,0.004388802634904943,0.004388802634904931,0.78463056688315
30,17,0.78463056688315,0.05318621980931915,0.053186219809319146,0.8378167866924692
30,18,0.8378167866924692,-0.14111781326141604,-0.14111781326141604,0.6966989734310531
30,19,0.6966989734310531,-0.029593332733983624,-0.02959333273398368,0.6671056406970695
31,0,0.8478174406918484,0.051483842656757615,0.05148384265675765,0.899301283348606
31,1,0.899301283348606,-0.0787024909918208,-0.0787024909918208,0.8205987923567852
31,2,0.8205987923567852,0.10583433888957379,0.10583433888957383,0.9264331312463591
31,3,0.9264331312463591,-0.0455905729771457,-0.04559057297714575,0.8808425582692133
31,4,0.8808425582692133,0.10600340134321783,0.08758042153700224,0.9868459596124312
31,5,0.9868459596124312,-0.06031690466432834,-0.060316904664328375,0.9265290549481028
31,6,0.9265290549481028,0.027096075264944695,0.025283510158420952,0.9536251302130475
31,7,0.9536251302130475,-0.030917979675649774,-0.030917979675649798,0.9227071505373977
31,8,0.9227071505373977,-0.06755248477347989,-0.06755248477347986,0.8551546657639179
31,9,0.8551546657639179,0.11596726865156076,0.10540630144382146,0.9711219344154787
31,10,0.9711219344154787,-0.0937218954181526,-0.09372189541815257,0.8774000389973261
31,11,0.8774000389973261,-0.12455652262927107,-0.12455652262927108,0.752843516368055
31,12,0.752843516368055,-0.04742191843630189,-0.047421918436301946,0.7054215979317531
31,13,0.7054215979317531,0.06529174429247027,0.06529174429247031,0.7707133422242234
31,14,0.7707133422242234,0.09222948179288451,0.09222948179288448,0.8629428240171079
31,15,0.8629428240171079,0.14962301102002945,0.11205717598289211,1.0
31,16,1.0,-0.061091382896650524,-0.061091382896650503,0.9389086171033495
31,17,0.9389086171033495,-0.027617414660615347,-0.02761741466061529,0.9112912024427342
31,18,0.9112912024427342,-0.1089536165911121,-0.10895361659111213,0.8023375858516221
31,19,0.8023375858516221,0.022461578886910073,0.022461578886910027,0.8247991647385321
32,0,0.8987900186314586,0.06026430303619755,0.05573714220236947,0.9590543216676561
32,1,0.9590543216676561,0.028563852124011524,0.009754765228177642,0.9876181737916676
32,2,0.9876181737916676,-0.0322892721234618,-0.034953722957564715,0.9553289016682058
32,3,0.9553289016682058,0.12458962808566643,0.019671098331794146,1.0
32,4,1.0,-0.0009250211608951675,-0.025462510580447628,0.9990749788391048
32,5,0.9990749788391048,-0.10968992600608155,-0.10968992600608152,0.8893850528330233
32,6,0.8893850528330233,-0.040386461040259954,-0.04038646104026,0.8489985917927633
32,7,0.8489985917927633,-0.12984999934566993,-0.12984999934567,0.7191485924470933
32,8,0.7191485924470933,-0.08940628869336553,-0.08940628869336553,0.6297423037537278
32,9,0.6297423037537278,-0.14469936570002634,-0.14469936570002634,0.4850429380537014
32,10,0.4850429380537014,-0.014016025049950975,-0.014016025049950975,0.47102691300375044
32,11,0.47102691300375044,0.040362079485539146,0.04036207948553916,0.5113889924892896
32,12,0.5113889924892896,-0.04701226128632767,-0.04701226128632768,0.4643767312029619
32,13,0.4643767312029619,-0.023885468548416864,-0.02388546854841689,0.440491262654545
32,14,0.440491262654545,0.13776278185337276,0.13776278185337282,0.5782540445079178
32,15,0.5782540445079178,0.07558893647247465,0.07558893647247467,0.6538429809803925
32,16,0.6538429809803925,0.012256991083485368,0.012256991083485325,0.6660999720638778
32,17,0.6660999720638778,-0.06463773746645242,-0.0646377374664524,0.6014622345974254
32,18,0.6014622345974254,0.11909903963189855,0.1190990396318985,0.7205612742293239
32,19,0.7205612742293239,-0.07947086493580215,-0.07947086493580213,0.6410904092935218
33,0,0.5626713652583386,0.12271944432688454,0.12271944432688453,0.6853908095852231
33,1,0.6853908095852231,0.00886261658552171,0.008862616585521677,0.6942534261707448
33,2,0.6942534261707448,0.072695384825393,0.07269538482539295,0.7669488109961378
33,3,0.7669488109961378,0.027223438249129837,0.027223438249129872,0.7941722492452676
33,4,0.7941722492452676,0.04603176270284854,0.04603176270284859,0.8402040119481162
33,5,0.8402040119481162,-0.06018501254555233,-0.06018501254555231,0.7800189994025639
33,6,0.7800189994025639,-0.07758838151200112,-0.07758838151200109,0.7024306178905628
33,7,0.7024306178905628,-0.05325229584940042,-0.05325229584940039,0.6491783220411624
33,8,0.6491783220411624,-0.10336753077497325,-0.10336753077497329,0.5458107912661891
33,9,0.5458107912661891,0.11229430958724222,0.11229430958724218,0.6581051008534313
33,10,0.6581051008534313,-0.06502592002496578,-0.06502592002496577,0.5930791808284656
33,11,0.5930791808284656,0.018446818324315384,0.018446818324315384,0.6115259991527809
33,12,0.6115259991527809,0.08759232754241221,0.0875923275424122,0.6991183266951931
33,13,0.6991183266951931,0.08514723281271407,0.08514723281271408,0.7842655595079072
33,14,0.7842655595079072,-0.018484122424742132,-0.018484122424742178,0.765781437083165
33,15,0.765781437083165,-0.0071228074239823025,-0.0071228074239823025,0.7586586296591827
33,16,0.7586586296591827,0.14841052468050744,0.14841052468050742,0.9070691543396902
33,17,0.9070691543396902,0.052379243093707215,0.047655044377008515,0.9594483974333974
33,18,0.9594483974333974,0.0943915329353648,0.015551602566602596,1.0
33,19,1.0,0.12076619076576957,-0.025000000000000022,1.0
34,0,0.7937949181146696,-0.09444619651392973,-0.09444619651392971,0.6993487216007399
34,1,0.6993487216007399,0.01865122012127166,0.018651220121271628,0.7179999417220115
34,2,0.7179999417220115,-0.11943175280563653,-0.11943175280563656,0.598568188916375
34,3,0.598568188916375,0.04587663796919952,0.045876637969199496,0.6444448268855745
34,4,0.6444448268855745,0.13660482845634328,0.13660482845634325,0.7810496553419177
34,5,0.7810496553419177,0.0038196192900333934,0.0038196192900333825,0.7848692746319511
34,6,0.7848692746319511,-0.020108252139669845,-0.020108252139669824,0.7647610224922813
34,7,0.7647610224922813,-0.13924717457455105,-0.13924717457455105,0.6255138479177302
34,8,0.6255138479177302,0.1379323566987661,0.13793235669876613,0.7634462046164964
34,9,0.7634462046164964,-0.11909919476095236,-0.11909919476095232,0.644347009855544
34,10,0.644347009855544,-0.1376762720085459,-0.13767627200854593,0.5066707378469981
34,11,0.5066707378469981,-0.07618001654851846,-0.07618001654851847,0.43049072129847965
34,12,0.43049072129847965,-0.13034086982448526,-0.13034086982448523,0.3001498514739944
34,13,0.3001498514739944,-0.013464647276471297,-0.013464647276471287,0.28668520419752314
34,14,0.28668520419752314,0.004826340377133719,0.004826340377133698,0.29151154457465683
34,15,0.29151154457465683,-0.05622901529142482,-0.05622901529142482,0.235282529283232
34,16,0.235282529283232,-0.13471185522753418,-0.13471185522753418,0.10057067405569783
34,17,0.10057067405569783,-0.11651988952523198,-0.10057067405569783,0.0
34,18,0.0,-0.03464868660302157,0.0,0.0
34,19,0.0,-0.13184146475203914,0.0,0.0
35,0,0.7490948628049567,-0.0878938375425564,-0.08789383754255642,0.6612010252624003
35,1,0.6612010252624003,-0.05937852936490845,-0.059378529364908506,0.6018224958974918
35,2,0.6018224958974918,-0.03176226684657075,-0.0317622668465708,0.570060229050921
35,3,0.570060229050921,-0.025017110079255632,-0.025017110079255667,0.5450431189716654
35,4,0.5450431189716654,-0.14950178769755984,-0.14950178769755984,0.3955413312741055
35,5,0.3955413312741055,-0.11637888870039073,-0.1163788887003907,0.2791624425737148
35,6,0.2791624425737148,0.10882936912226342,0.10882936912226343,0.38799181169597824
35,7,0.38799181169597824,-0.14963008124642754,-0.14963008124642754,0.2383617304495507
35,8,0.2383617304495507,0.002450206743862526,0.0024502067438625375,0.24081193719341323
35,9,0.24081193719341323,-0.0031493980478375706,-0.003149398047837565,0.23766253914557567
35,10,0.23766253914557567,-0.05007175169680865,-0.050071751696808664,0.187590787448767
35,11,0.187590787448767,-0.02060189395606511,-0.020601893956065098,0.1669888934927019
35,12,0.1669888934927019,0.0841743412579753,0.0841743412579753,0.2511632347506772
35,13,0.2511632347506772,0.10236111186448693,0.10236111186448693,0.35352434661516413
35,14,0.35352434661516413,-0.07189543697542498,-0.071895436975425,0.28162890963973913
35,15,0.28162890963973913,-0.05325286770968105,-0.053252867709681045,0.2283760419300581
35,16,0.2283760419300581,-0.07725514409150018,-0.07725514409150017,0.15112089783855792
35,17,0.15112089783855792,-0.0060409798346804594,-0.0060409798346804655,0.14507991800387746
35,18,0.14507991800387746,0.05497750729764388,0.05497750729764386,0.20005742530152132
35,19,0.20005742530152132,-0.08152413736097383,-0.08152413736097383,0.11853328794054749
36,0,0.5653678710274334,0.12911538527674513,0.12911538527674515,0.6944832563041785
36,1,0.6944832563041785,-0.13542921304591257,-0.1354292130459126,0.5590540432582659
36,2,0.5590540432582659,-0.011769118428130132,-0.01176911842813011,0.5472849248301358
36,3,0.5472849248301358,0.06346741247903334,0.06346741247903331,0.6107523373091691
36,4,0.6107523373091691,-0.10486379653275778,-0.10486379653275779,0.5058885407764113
36,5,0.5058885407764113,-0.13578779399835544,-0.13578779399835544,0.3701007467780559
36,6,0.3701007467780559,-0.10853838850844078,-0.10853838850844078,0.2615623582696151
36,7,0.2615623582696151,0.12564695805920487,0.12564695805920484,0.38720931632881994
36,8,0.38720931632881994,-0.14722206545366298,-0.14722206545366298,0.23998725087515696
36,9,0.23998725087515696,-0.09350340755659445,-0.09350340755659445,0.1464838433185625
36,10,0.1464838433185625,-0.14061494612950662,-0.14061494612950662,0.005868897189055894
36,11,0.005868897189055894,-0.11681115973133901,-0.005868897189055894,0.0
36,12,0.0,0.03604478598848888,0.03604478598848888,0.03604478598848888
36,13,0.03604478598848888,-0.07750832737827426,-0.03604478598848888,0.0
36,14,0.0,0.02076361512920304,0.02076361512920304,0.02076361512920304
36,15,0.02076361512920304,0.027058614829837846,0.027058614829837842,0.04782222995904088
36,16,0.04782222995904088,0.1048305999269337,0.1048305999269337,0.1526528298859746
36,17,0.1526528298859746,-0.14857758212643782,-0.14857758212643782,0.004075247759536771
36,18,0.004075247759536771,0.10601083780271002,0.10601083780271002,0.11008608556224679
36,19,0.11008608556224679,0.035735725928092196,0.035735725928092196,0.145821811490339
37,0,0.4813717430524788,0.0818812164405852,0.08188121644058516,0.563252959493064
37,1,0.563252959493064,0.10664746253717572,0.10664746253717572,0.6699004220302397
37,2,0.6699004220302397,-0.07372095487375281,-0.07372095487375285,0.5961794671564868
37,3,0.5961794671564868,0.12563810427080427,0.12563810427080424,0.7218175714272911
37,4,0.7218175714272911,-0.013662770910402655,-0.013662770910402688,0.7081548005168884
37,5,0.7081548005168884,0.031027336299996443,0.031027336299996433,0.7391821368168848
37,6,0.7391821368168848,0.1453948600852931,0.14539486008529312,0.884576996902178
37,7,0.884576996902178,-0.041539176408240196,-0.04153917640824023,0.8430378204939377
37,8,0.8430378204939377,0.09394780374603386,0.09394780374603384,0.9369856242399716
37,9,0.9369856242399716,-0.05448026465146211,-0.05448026465146205,0.8825053595885095
37,10,0.8825053595885095,0.0897640566724473,0.0786293485419689,0.9722694162609569
37,11,0.9722694162609569,0.030220175658792744,0.002730583739043113,1.0
37,12,1.0,-0.08509329143237956,-0.08509329143237954,0.9149067085676205
37,13,0.9149067085676205,-0.025792171863229085,-0.02579217186322913,0.8891145367043913
37,14,0.8891145367043913,-0.0547093096909315,-0.05470930969093146,0.8344052270134599
37,15,0.8344052270134599,-0.12656748207589083,-0.12656748207589086,0.707837744937569
37,16,0.707837744937569,-0.14104956897009074,-0.1410495689700908,0.5667881759674782
37,17,0.5667881759674782,-0.04605640337784572,-0.04605640337784567,0.5207317725896325
37,18,0.5207317725896325,-0.14428975565475402,-0.144289755654754,0.37644201693487855
37,19,0.37644201693487855,-0.10035367272546748,-0.10035367272546747,0.2760883442094111
38,0,0.7625916604254344,0.06242737070507637,0.062427370705076424,0.8250190311305108
38,1,0.8250190311305108,0.0715741159372148,0.07157411593721474,0.8965931470677255
38,2,0.8965931470677255,-0.05485404866100637,-0.054854048661006405,0.8417390984067191
38,3,0.8417390984067191,0.11700583713530864,0.11263336936429474,0.9587449355420278
38,4,0.9587449355420278,0.028149164408534277,0.00970211443325325,0.9868940999505621
38,5,0.9868940999505621,-0.11219209747601204,-0.112192097476012,0.8747020024745501
38,6,0.8747020024745501,-0.10688440156333975,-0.10688440156333978,0.7678176009112103
38,7,0.7678176009112103,0.057928628078910444,0.057928628078910416,0.8257462289901207
38,8,0.8257462289901207,-0.09811681906737658,-0.09811681906737657,0.7276294099227442
38,9,0.7276294099227442,0.0021878104746129944,0.002187810474613028,0.7298172203973572
38,10,0.7298172203973572,0.1475323427786132,0.14753234277861327,0.8773495631759705
38,11,0.8773495631759705,-0.14879771857999816,-0.14879771857999813,0.7285518445959723
38,12,0.7285518445959723,-0.1450260594307329,-0.14502605943073288,0.5835257851652395
38,13,0.5835257851652395,0.14792537457915195,0.1479253745791519,0.7314511597443913
38,14,0.7314511597443913,0.025391650240249652,0.025391650240249697,0.756842809984641
38,15,0.756842809984641,-0.11192700734444606,-0.11192700734444605,0.644915802640195
38,16,0.644915802640195,0.11919065992622808,0.11919065992622813,0.7641064625664231
38,17,0.7641064625664231,0.11411409003830765,0.11411409003830764,0.8782205526047308
38,18,0.8782205526047308,0.010860123933412569,0.010860123933412624,0.8890806765381434
38,19,0.8890806765381434,0.03653760895822696,0.036537608958227,0.9256182854963704
39,0,0.5365935957504382,-0.13484409108839845,-0.13484409108839845,0.40174950466203974
39,1,0.40174950466203974,0.028370282667259304,0.028370282667259328,0.43011978732929906
39,2,0.43011978732929906,-0.061573442039171096,-0.06157344203917109,0.368546345290128
39,3,0.368546345290128,0.04908631399810558,0.04908631399810559,0.41763265928823357
39,4,0.41763265928823357,0.10087355305278037,0.10087355305278034,0.5185062123410139
39,5,0.5185062123410139,-0.14455183682569078,-0.14455183682569078,0.3739543755153231
39,6,0.3739543755153231,0.028714132405718216,0.02871413240571824,0.40266850792104136
39,7,0.40266850792104136,-0.08061583809394432,-0.08061583809394435,0.322052669827097
39,8,0.322052669827097,0.11216654937114041,0.1121665493711404,0.4342192191982374
39,9,0.4342192191982374,-0.07390064803145145,-0.07390064803145147,0.36031857116678595
39,10,0.36031857116678595,0.03323103997062549,0.03323103997062549,0.39354961113741144
39,11,0.39354961113741144,0.01606225202688344,0.01606225202688344,0.4096118631642949
39,12,0.4096118631642949,-0.031150049982225324,-0.031150049982225314,0.37846181318206956
39,13,0.37846181318206956,0.05328622907993822,0.05328622907993824,0.4317480422620078
39,14,0.4317480422620078,0.06773089041463017,0.06773089041463015,0.49947893267663795
39,15,0.49947893267663795,0.020081338595816043,0.020081338595816012,0.519560271272454
39,16,0.519560271272454,0.07752667115542623,0.07752667115542622,0.5970869424278802
39,17,0.5970869424278802,0.14502512279788127,0.14502512279788127,0.7421120652257615
39,18,0.7421120652257615,-0.024218283629758464,-0.02421828362975842,0.717893781596003
39,19,0.717893781596003,0.004374915565659265,0.004374915565659276,0.7222686971616623
40,0,0.40623493897060664,0.08880856689311352,0.0888085668931135,0.49504350586372015
40,1,0.49504350586372015,0.006069020113798151,0.006069020113798174,0.5011125259775183
40,2,0.5011125259775183,-0.027611570891830438,-0.027611570891830417,0.4735009550856879
40,3,0.4735009550856879,-0.12177841107318126,-0.12177841107318127,0.35172254401250663
40,4,0.35172254401250663,0.11689692650261918,0.11689692650261918,0.4686194705151258
40,5,0.4686194705151258,-0.03149782798783307,-0.03149782798783307,0.43712164252729274
40,6,0.43712164252729274,0.05477447946276611,0.05477447946276609,0.49189612199005883
40,7,0.49189612199005883,-0.10518775308955476,-0.10518775308955475,0.3867083689005041
40,8,0.3867083689005041,0.13846488886230976,0.1384648888623098,0.5251732577628139
40,9,0.5251732577628139,-0.09646747145345072,-0.09646747145345069,0.4287057863093632
40,10,0.4287057863093632,-0.09013740213015288,-0.09013740213015287,0.3385683841792103
40,11,0.3385683841792103,0.10769485816731413,0.10769485816731411,0.4462632423465244
40,12,0.4462632423465244,0.12377482324257935,0.12377482324257932,0.5700380655891037
40,13,0.5700380655891037,-0.08635577774300958,-0.08635577774300957,0.4836822878460942
40,14,0.4836822878460942,-0.00905973354755163,-0.00905973354755163,0.47462255429854255
40,15,0.47462255429854255,0.07004847136884895,0.0700484713688489,0.5446710256673915
40,16,0.5446710256673915,0.11350972014324048,0.11350972014324046,0.6581807458106319
40,17,0.6581807458106319,-0.03628419148880844,-0.03628419148880846,0.6218965543218234
40,18,0.6218965543218234,0.005105846054828766,0.005105846054828778,0.6270024003766522
40,19,0.6270024003766522,0.07251492315592047,0.07251492315592045,0.6995173235325727
41,0,0.7655679883263977,0.08488803900782546,0.08488803900782549,0.8504560273342232
41,1,0.8504560273342232,0.02098014559245791,0.020980145592457866,0.8714361729266811
41,2,0.8714361729266811,-0.11861547095856743,-0.11861547095856739,0.7528207019681137
41,3,0.7528207019681137,0.121191987263412,0.12119198726341196,0.8740126892315256
41,4,0.8740126892315256,0.10967176179630846,0.09282953628239138,0.9836844510278341
41,5,0.9836844510278341,0.08942923074549991,-0.008684451027834106,1.0
41,6,1.0,-0.12004125685178114,-0.12004125685178113,0.8799587431482189
41,7,0.8799587431482189,-0.08868078987557124,-0.08868078987557126,0.7912779532726476
41,8,0.7912779532726476,0.07308010953229557,0.0730801095322956,0.8643580628049432
41,9,0.8643580628049432,-0.14305797162541606,-0.1430579716254161,0.7213000911795271
41,10,0.7213000911795271,0.1437673901121839,0.14376739011218387,0.865067481291711
41,11,0.865067481291711,-0.036856595893295784,-0.03685659589329582,0.8282108853984151
41,12,0.8282108853984151,0.06579376010724708,0.06579376010724713,0.8940046455056623
41,13,0.8940046455056623,0.11627132654641299,0.0809953544943377,1.0
41,14,1.0,-0.03161103355497532,-0.04080551677748767,0.9683889664450247
41,15,0.9683889664450247,-0.05426025342010019,-0.05426025342010021,0.9141287130249245
41,16,0.9141287130249245,0.03262233866947401,0.03262233866947406,0.9467510516943985
41,17,0.9467510516943985,0.024296812124415212,0.013772880215008332,0.9710478638188138
41,18,0.9710478638188138,-0.027258006712560855,-0.027258006712560845,0.943789857106253
41,19,0.943789857106253,0.030532426760312537,0.018371284827029766,0.9743222838665655
42,0,0.8676906847832474,-0.009707923012021058,-0.009707923012021058,0.8579827617712263
42,1,0.8579827617712263,-0.0909773457748106,-0.09097734577481065,0.7670054159964157
42,2,0.7670054159964157,-0.036838205135098834,-0.036838205135098834,0.7301672108613169
42,3,0.7301672108613169,-0.031767905222064415,-0.03176790522206441,0.6983993056392525
42,4,0.6983993056392525,-0.11066739209213404,-0.11066739209213405,0.5877319135471184
42,5,0.5877319135471184,-0.10113854983363353,-0.10113854983363352,0.4865933637134849
42,6,0.4865933637134849,0.05536862201810317,0.055368622018103164,0.541961985731588
42,7,0.541961985731588,-0.04815667373732919,-0.04815667373732918,0.49380531199425887
42,8,0.49380531199425887,0.13646951755674228,0.13646951755674225,0.6302748295510011
42,9,0.6302748295510011,-0.07692097639241777,-0.0769209763924178,0.5533538531585833
42,10,0.5533538531585833,-0.1203226484685533,-0.12032264846855328,0.43303120469003004
42,11,0.43303120469003004,0.07605136890007737,0.07605136890007741,0.5090825735901074
42,12,0.5090825735901074,0.114310815575361,0.11431081557536105,0.6233933891654685
42,13,0.6233933891654685,-0.06656599293855364,-0.0665659929385537,0.5568273962269148
42,14,0.5568273962269148,-0.08937356950635661,-0.08937356950635661,0.4674538267205582
42,15,0.4674538267205582,-0.09427015953867385,-0.09427015953867385,0.37318366718188434
42,16,0.37318366718188434,0.006603690409953699,0.0066036904099536775,0.379787357591838
42,17,0.379787357591838,-0.009475007625968711,-0.009475007625968701,0.3703123499658693
42,18,0.3703123499658693,-0.07216804804363973,-0.07216804804363974,0.29814430192222957
42,19,0.29814430192222957,-0.13644806490317207,-0.13644806490317207,0.1616962370190575
43,0,0.6407456701631404,0.1377997042906825,0.13779970429068245,0.7785453744538229
43,1,0.7785453744538229,0.04575576022579897,0.04575576022579897,0.8243011346796218
43,2,0.8243011346796218,-0.0013480330114144733,-0.0013480330114145067,0.8229531016682073
43,3,0.8229531016682073,-0.11679237779111516,-0.11679237779111518,0.7061607238770922
43,4,0.7061607238770922,-0.07426911283512382,-0.07426911283512383,0.6318916110419683
43,5,0.6318916110419683,-0.06156781512763718,-0.061567815127637204,0.5703237959143311
43,6,0.5703237959143311,0.07944106578217029,0.07944106578217025,0.6497648616965014
43,7,0.6497648616965014,0.11301323917938579,0.11301323917938577,0.7627781008758872
43,8,0.7627781008758872,0.12049255606993153,0.12049255606993148,0.8832706569458186
43,9,0.8832706569458186,0.14537058247522622,0.09172934305418134,1.0
43,10,1.0,0.14471000493135974,-0.025000000000000022,1.0
43,11,1.0,0.1358997398303944,-0.025000000000000022,1.0
43,12,1.0,-0.12845335784913467,-0.1284533578491347,0.8715466421508653
43,13,0.8715466421508653,-0.10866193922165844,-0.10866193922165845,0.7628847029292068
43,14,0.7628847029292068,-0.05866004205719013,-0.05866004205719011,0.7042246608720167
43,15,0.7042246608720167,0.01586947621933844,0.01586947621933843,0.7200941370913552
43,16,0.7200941370913552,-0.12090663338835621,-0.12090663338835617,0.599187503702999
43,17,0.599187503702999,0.10373908734064274,0.10373908734064274,0.7029265910436417
43,18,0.7029265910436417,0.03502685372319272,0.0350268537231927,0.7379534447668344
43,19,0.7379534447668344,0.012709320690661484,0.012709320690661441,0.7506627654574959
44,0,0.4826556616836456,-0.0740233576799408,-0.07402335767994078,0.4086323040037048
44,1,0.4086323040037048,-0.10190639250532259,-0.10190639250532257,0.30672591149838224
44,2,0.30672591149838224,0.10557994733843958,0.10557994733843956,0.4123058588368218
44,3,0.4123058588368218,0.025268358018365456,0.025268358018365467,0.43757421685518727
44,4,0.43757421685518727,0.07053882825589002,0.07053882825588997,0.5081130451110772
44,5,0.5081130451110772,-0.06119014112699228,-0.06119014112699228,0.44692290398408496
44,6,0.44692290398408496,-0.03862420887351685,-0.03862420887351686,0.4082986951105681
44,7,0.4082986951105681,-0.028543510672039862,-0.028543510672039862,0.37975518443852824
44,8,0.37975518443852824,0.07800449152321046,0.07800449152321048,0.4577596759617387
44,9,0.4577596759617387,0.08170589630237042,0.08170589630237046,0.5394655722641092
44,10,0.5394655722641092,-0.08795594174579048,-0.08795594174579047,0.4515096305183187
44,11,0.4515096305183187,0.1324616570214297,0.13246165702142976,0.5839712875397485
44,12,0.5839712875397485,-0.11380339876689408,-0.11380339876689405,0.4701678887728544
44,13,0.4701678887728544,0.1188366247270891,0.11883662472708911,0.5890045134999435
44,14,0.5890045134999435,-0.11988130630505721,-0.11988130630505722,0.4691232071948863
44,15,0.4691232071948863,-0.07063805665460667,-0.07063805665460665,0.39848515054027966
44,16,0.39848515054027966,0.1039435608203871,0.10394356082038714,0.5024287113606668
44,17,0.5024287113606668,-0.09615237829617376,-0.09615237829617373,0.40627633306449307
44,18,0.40627633306449307,-0.02592962060700905,-0.02592962060700904,0.380346712457484
44,19,0.380346712457484,-0.015042210016762135,-0.015042210016762148,0.3653045024407219
45,0,0.5226294865116048,0.06307356040079597,0.06307356040079592,0.5857030469124007
45,1,0.5857030469124007,0.10540039482066114,0.1054003948206611,0.6911034417330618
45,2,0.6911034417330618,0.11237254195667153,0.11237254195667157,0.8034759836897334
45,3,0.8034759836897334,-0.04820335627903172,-0.04820335627903172,0.7552726274107017
45,4,0.7552726274107017,0.009255118286344332,0.009255118286344288,0.764527745697046
45,5,0.764527745697046,-0.07547807884030455,-0.07547807884030455,0.6890496668567414
45,6,0.6890496668567414,-0.07656104953495636,-0.07656104953495635,0.6124886173217851
45,7,0.6124886173217851,-0.10162378114442276,-0.10162378114442272,0.5108648361773623
45,8,0.5108648361773623,0.1320057032422544,0.13200570324225447,0.6428705394196168
45,9,0.6428705394196168,0.11639664858167398,0.11639664858167398,0.7592671880012908
45,10,0.7592671880012908,0.08320761399830767,0.08320761399830767,0.8424748019995985
45,11,0.8424748019995985,0.005298456386318706,0.005298456386318762,0.8477732583859172
45,12,0.8477732583859172,-0.0028176253464384346,-0.0028176253464384793,0.8449556330394787
45,13,0.8449556330394787,0.00892369985474939,0.00892369985474939,0.8538793328942281
45,14,0.8538793328942281,0.010970404073126782,0.010970404073126772,0.8648497369673549
45,15,0.8648497369673549,-0.0196310745906929,-0.01963107459069291,0.845218662376662
45,16,0.845218662376662,-0.11047355013237976,-0.1104735501323798,0.7347451122442822
45,17,0.7347451122442822,-0.11230084413943921,-0.1123008441394392,0.622444268104843
45,18,0.622444268104843,0.135674914753705,0.13567491475370497,0.758119182858548
45,19,0.758119182858548,-0.005390772124094834,-0.005390772124094778,0.7527284107344532
46,0,0.8766027624525945,-0.100926936686967,-0.10092693668696695,0.7756758257656275
46,1,0.7756758257656275,0.016324965611980068,0.016324965611980047,0.7920007913776076
46,2,0.7920007913776076,-0.08768482399453822,-0.08768482399453825,0.7043159673830693
46,3,0.7043159673830693,-0.07404461816201953,-0.07404461816201957,0.6302713492210498
46,4,0.6302713492210498,-0.14098362637164635,-0.14098362637164635,0.4892877228494034
46,5,0.4892877228494034,-0.1143140067779366,-0.11431400677793663,0.3749737160714668
46,6,0.3749737160714668,0.1250545222887587,0.12505452228875868,0.5000282383602255
46,7,0.5000282383602255,-0.053540102555300485,-0.053540102555300506,0.44648813580492497
46,8,0.44648813580492497,0.03243876357437747,0.03243876357437747,0.47892689937930244
46,9,0.47892689937930244,-0.010495760403218101,-0.01049576040321809,0.46843113897608435
46,10,0.46843113897608435,-0.029864626426416505,-0.02986462642641652,0.43856651254966783
46,11,0.43856651254966783,0.009565827403820436,0.009565827403820448,0.4481323399534883
46,12,0.4481323399534883,-0.09382831661539755,-0.09382831661539753,0.35430402333809075
46,13,0.35430402333809075,0.14658116955587294,0.14658116955587297,0.5008851928939637
46,14,0.5008851928939637,0.09549236061115889,0.09549236061115884,0.5963775535051226
46,15,0.5963775535051226,0.07248438981945458,0.0724843898194546,0.6688619433245772
46,16,0.6688619433245772,-0.009372210895814258,-0.009372210895814304,0.6594897324287629
46,17,0.6594897324287629,-0.10413686336209921,-0.10413686336209926,0.5553528690666636
46,18,0.5553528690666636,0.12619975748207035,0.12619975748207035,0.6815526265487339
46,19,0.6815526265487339,-0.04758387978548171,-0.04758387978548173,0.6339687467632522
47,0,0.4250533448484669,-0.0472788969568114,-0.04727889695681142,0.3777744478916555
47,1,0.3777744478916555,0.0883371091487653,0.0883371091487653,0.4661115570404208
47,2,0.4661115570404208,0.03681262349646245,0.03681262349646247,0.5029241805368833
47,3,0.5029241805368833,0.0752515754234579,0.07525157542345784,0.5781757559603411
47,4,0.5781757559603411,0.08809061515871322,0.08809061515871319,0.6662663711190543
47,5,0.6662663711190543,-0.08641361667583722,-0.08641361667583725,0.579852754443217
47,6,0.579852754443217,0.12713499482795407,0.1271349948279541,0.7069877492711711
47,7,0.7069877492711711,-0.018603119123888224,-0.018603119123888234,0.6883846301472829
47,8,0.6883846301472829,0.04170409477924938,0.04170409477924941,0.7300887249265323
47,9,0.7300887249265323,-0.1493073682239774,-0.1493073682239774,0.5807813567025549
47,10,0.5807813567025549,0.1480105495233534,0.14801054952335335,0.7287919062259083
47,11,0.7287919062259083,-0.06573108421075347,-0.06573108421075347,0.6630608220151548
47,12,0.6630608220151548,-0.13138106803795344,-0.13138106803795346,0.5316797539772014
47,13,0.5316797539772014,-0.012521387539045813,-0.012521387539045858,0.5191583664381555
47,14,0.5191583664381555,-0.11129098284538748,-0.11129098284538746,0.40786738359276803
47,15,0.40786738359276803,-0.10430198695272729,-0.1043019869527273,0.30356539664004073
47,16,0.30356539664004073,0.03968484390906305,0.03968484390906307,0.3432502405491038
47,17,0.3432502405491038,-0.03212178252893002,-0.03212178252893,0.3111284580201738
47,18,0.3111284580201738,0.1265557350464985,0.12655573504649847,0.4376841930666723
47,19,0.4376841930666723,-0.054253051617578985,-0.054253051617578985,0.3834311414490933
48,0,0.7630900641919506,-0.011670170953527714,-0.011670170953527736,0.7514198932384228
48,1,0.7514198932384228,0.047985390338783636,0.047985390338783684,0.7994052835772065
48,2,0.7994052835772065,0.029908607014797115,0.02990860701479714,0.8293138905920037
48,3,0.8293138905920037,-0.008164808172300541,-0.008164808172300586,0.8211490824197031
48,4,0.8211490824197031,0.13501832838733113,0.13193462298381398,0.9561674108070342
48,5,0.9561674108070342,-0.04718590717351324,-0.04718590717351323,0.9089815036335209
48,6,0.9089815036335209,-0.09682934962521823,-0.09682934962521828,0.8121521540083027
48,7,0.8121521540083027,0.05342821826394848,0.0534282182639485,0.8655803722722512
48,8,0.8655803722722512,0.10380226839237262,0.0941109480600607,0.9693826406646238
48,9,0.9693826406646238,-0.13792387801802286,-0.13792387801802286,0.8314587626466009
48,10,0.8314587626466009,-0.01511019347319583,-0.015110193473195865,0.816348569173405
48,11,0.816348569173405,0.11774630690619788,0.11774630690619792,0.934094876079603
48,12,0.934094876079603,0.07488558567686025,0.040905123920397024,1.0
48,13,1.0,0.14754231494928846,-0.025000000000000022,1.0
48,14,1.0,0.00942414347917313,-0.025000000000000022,1.0
48,15,1.0,0.04799871564034538,-0.025000000000000022,1.0
48,16,1.0,-0.05925591565862156,-0.05925591565862154,0.9407440843413785
48,17,0.9407440843413785,0.1342606798997977,0.034255915658621516,1.0
48,18,1.0,-0.04009935343303911,-0.045049676716519604,0.9599006465669608
48,19,0.9599006465669608,0.07155321380598857,0.015099353433039142,1.0
49,0,0.601570102059541,0.018545679018899797,0.018545679018899808,0.6201157810784408
49,1,0.6201157810784408,0.06593476050646387,0.06593476050646385,0.6860505415849046
49,2,0.6860505415849046,0.0026802455254062774,0.002680245525406244,0.6887307871103109
49,3,0.6887307871103109,0.12212589807285255,0.12212589807285257,0.8108566851831635
49,4,0.8108566851831635,-0.02420970362165693,-0.024209703621656975,0.7866469815615065
49,5,0.7866469815615065,0.04412153944299755,0.04412153944299757,0.830768521004504
49,6,0.830768521004504,-0.04729127000998377,-0.04729127000998379,0.7834772509945203
49,7,0.7834772509945203,-0.027552999530696086,-0.02755299953069612,0.7559242514638241
49,8,0.7559242514638241,-0.01798496752993428,-0.01798496752993428,0.7379392839338899
49,9,0.7379392839338899,-0.11225789450631442,-0.1122578945063144,0.6256813894275755
49,10,0.6256813894275755,-0.12248289628229798,-0.12248289628229803,0.5031984931452774
49,11,0.5031984931452774,0.050246976944027376,0.050246976944027355,0.5534454700893048
49,12,0.5534454700893048,0.04665532150291568,0.046655321502915736,0.6001007915922205
49,13,0.6001007915922205,0.048872914263028575,0.04887291426302853,0.648973705855249
49,14,0.648973705855249,-0.1440700663971925,-0.14407006639719244,0.5049036394580566
49,15,0.5049036394580566,-0.05203594719846603,-0.05203594719846605,0.45286769225959056
49,16,0.45286769225959056,-0.09065704582224092,-0.09065704582224093,0.3622106464373496
49,17,0.3622106464373496,0.08344542676320371,0.08344542676320371,0.44565607320055334
49,18,0.44565607320055334,0.10818912041883903,0.10818912041883899,0.5538451936193923
49,19,0.5538451936193923,-0.0759958868321558,-0.0759958868321558,0.4778493067872365
